id,user_id,title,source_type,source_uri,scope,session_key,custom_hazard_id,policy_id,scope_level,country_id,region_id,sector_id,created_at,sync_id,origin_device_id,sync_revision,sync_updated_at,sync_deleted_at
0b112ebf-4bf1-44f1-b2f3-fda9a15ff26e,,Hazards with mitigation — Hungary,hazard_with_mitigation,kb/additional/hazards with mitigation/hungary.docx,main,,,,global,,,,2026-09-30 18:07:38.000000,0b112ebf-4bf1-44f1-b2f3-fda9a15ff26e,central-sync-server,1,2026-09-30 18:07:38.000000,
0d88d43e-91ff-414a-bed1-a5eaa77f6a5c,,Hazards with mitigation — Ireland,hazard_with_mitigation,kb/additional/hazards with mitigation/ireland.docx,main,,,,global,,,,2026-09-30 18:07:38.000000,0d88d43e-91ff-414a-bed1-a5eaa77f6a5c,central-sync-server,1,2026-09-30 18:07:38.000000,
1223aa03-3036-4977-a201-7d692b2a9459,,Hazards with mitigation — Germany,hazard_with_mitigation,kb/additional/hazards with mitigation/germany.docx,main,,,,global,,,,2026-09-30 18:07:38.000000,1223aa03-3036-4977-a201-7d692b2a9459,central-sync-server,1,2026-09-30 18:07:38.000000,
402ac7e9-145e-47bb-9c32-8ffa3b1e341d,,Hazards with mitigation — Italy,hazard_with_mitigation,kb/additional/hazards with mitigation/italy.docx,main,,,,global,,,,2026-09-30 18:07:38.000000,402ac7e9-145e-47bb-9c32-8ffa3b1e341d,central-sync-server,1,2026-09-30 18:07:38.000000,
abea88c2-fce6-40b7-8d95-a1c24cd037c7,,Hazards with mitigation — Portugal,hazard_with_mitigation,kb/additional/hazards with mitigation/portugal.docx,main,,,,global,,,,2026-09-30 18:07:38.000000,abea88c2-fce6-40b7-8d95-a1c24cd037c7,central-sync-server,1,2026-09-30 18:07:38.000000,
d7fe890b-e207-4132-984b-7e6ed1957d06,,Hazards with mitigation — Spain,hazard_with_mitigation,kb/additional/hazards with mitigation/spain.docx,main,,,,global,,,,2026-09-30 18:07:38.000000,d7fe890b-e207-4132-984b-7e6ed1957d06,central-sync-server,1,2026-09-30 18:07:38.000000,
0713c95a-c6dd-4573-b474-940f4eec3322,,Warmer Homes Scheme,policy_url,https://www.seai.ie/sites/default/files/grants/home-energy-grants/fully-funded-upgrades-for-eligible-homes/SCHEME-GUIDELINES.pdf,main,,,3ac7086e-7bbe-4e21-ba68-5d4cbf3bc684,global,b72bb945-bccb-11f1-8b0c-00155dcb4c0c,,b72bd005-bccb-11f1-8b0c-00155dcb4c0c,2026-09-30 13:30:20,0713c95a-c6dd-4573-b474-940f4eec3322,localhost-client,1,2026-09-30 13:30:20.000000,
03a1f903-a940-4703-b1ff-237f9848c7b3,,Warmer Homes Scheme,policy_url,https://www.seai.ie/sites/default/files/grants/home-energy-grants/fully-funded-upgrades-for-eligible-homes/SCHEME-GUIDELINES.pdf,main,,,bd858a92-e1ce-43fb-be3a-ae65287c7429,global,b72bb945-bccb-11f1-8b0c-00155dcb4c0c,,b72bd0de-bccb-11f1-8b0c-00155dcb4c0c,2026-09-30 13:30:41,03a1f903-a940-4703-b1ff-237f9848c7b3,localhost-client,1,2026-09-30 13:30:41.000000,
a7d5e9f5-00d6-494c-8553-c78c6dd357ec,,All homes to be B2 BER rated.,policy_url,https://assets.gov.ie/static/documents/Climate_Action_Plan_2025_updated_cover.pdf,main,,,aa60f5c1-dd48-4eee-9484-4e8db4a22e3c,global,b72bb945-bccb-11f1-8b0c-00155dcb4c0c,,b72bd0de-bccb-11f1-8b0c-00155dcb4c0c,2026-09-30 13:32:51,a7d5e9f5-00d6-494c-8553-c78c6dd357ec,localhost-client,1,2026-09-30 13:32:51.000000,
11c541a4-fe72-45a8-a52b-4e02bb06fbba,,National Energy and Climate Plan (NECP),policy_url,https://commission.europa.eu/document/download/cd8ba2d6-1af6-4f37-aa07-059989bb1264_en?filename=GERMANY%E2%80%93FINAL_UPDATED_NECP_2021-2030_%28ENGLISH%29.pdf,main,,,3c988f2a-db96-4e9c-b81d-309e74e8a2e1,global,b72bb671-bccb-11f1-8b0c-00155dcb4c0c,,b72bd005-bccb-11f1-8b0c-00155dcb4c0c,2026-09-30 13:38:08,11c541a4-fe72-45a8-a52b-4e02bb06fbba,localhost-client,1,2026-09-30 13:38:08.000000,
372c7898-23ef-4251-9277-f8ecfcaf46be,,National Energy and Climate Plan (NECP),policy_url,https://commission.europa.eu/document/download/0a2953f8-5789-4f6f-9714-03df3d4cbbab_en?filename=HU_FINAL%20UPDATED%20NECP%202021-2030%20%28English%29.pdf,main,,,01049bdd-4166-4d60-b829-b574a3522883,global,b72bb869-bccb-11f1-8b0c-00155dcb4c0c,,b72bd005-bccb-11f1-8b0c-00155dcb4c0c,2026-09-30 13:45:07,372c7898-23ef-4251-9277-f8ecfcaf46be,localhost-client,1,2026-09-30 13:45:07.000000,
941a0c1c-3876-4a31-bcc1-2938d2fbb84c,,RenoPont,policy_url,https://build-up.ec.europa.eu/system/files/2024-12/c6tfK2vkps_11_12_2024_135859.pdf,main,,,2ee7a565-16d2-4320-801b-72f9615af32f,global,b72bb869-bccb-11f1-8b0c-00155dcb4c0c,,b72bd005-bccb-11f1-8b0c-00155dcb4c0c,2026-09-30 13:45:08,941a0c1c-3876-4a31-bcc1-2938d2fbb84c,localhost-client,1,2026-09-30 13:45:08.000000,
99a38fe0-5e6a-444b-b9af-406260280331,,Sector prompt: Energy,sector_prompt,sector-prompt://v4/energy,sector_prompt,,,,global,,,,2026-09-30 13:49:13,99a38fe0-5e6a-444b-b9af-406260280331,localhost-client,1,2026-09-30 13:49:13.000000,
fac51b72-350a-4830-9ef3-e1c1ed9c162b,,Sector prompt: Housing,sector_prompt,sector-prompt://v4/housing,sector_prompt,,,,global,,,,2026-09-30 13:49:18,fac51b72-350a-4830-9ef3-e1c1ed9c162b,localhost-client,1,2026-09-30 13:49:18.000000,
b9218896-d881-45aa-b90c-018aa3dd5b6d,,Sector prompt: Transport,sector_prompt,sector-prompt://v4/transport,sector_prompt,,,,global,,,,2026-09-30 13:49:20,b9218896-d881-45aa-b90c-018aa3dd5b6d,localhost-client,1,2026-09-30 13:49:20.000000,
84172adb-515d-411c-b7bc-b0087d44deb2,,Sector prompt: Default,sector_prompt,sector-prompt://v4/default,sector_prompt,,,,global,,,,2026-09-30 13:49:20,84172adb-515d-411c-b7bc-b0087d44deb2,localhost-client,1,2026-09-30 13:49:20.000000,
aff0f483-cbf7-411c-9feb-43148c1db0b7,,National Energy and Climate Plan (NECP),policy_url,https://commission.europa.eu/document/download/2f11d301-7386-4078-957f-4a82c9b77efe_en?filename=IE_FINAL%20UPDATED%20NECP%202021-2030%20%28English%29.pdf,main,,,ccc4967b-75a8-43ee-a144-ecafd0bff5d4,global,b72bb945-bccb-11f1-8b0c-00155dcb4c0c,,b72bd005-bccb-11f1-8b0c-00155dcb4c0c,2026-09-30 13:51:37,aff0f483-cbf7-411c-9feb-43148c1db0b7,localhost-client,1,2026-09-30 13:51:37.000000,
aeca8226-ebb9-4bfa-a8db-5db4f72fc227,,Climate Action Plan,policy_url,https://assets.gov.ie/static/documents/Climate_Action_Plan_2025_updated_cover.pdf,main,,,8bf94cc4-9af7-440b-94fc-701ab9c1c203,global,b72bb945-bccb-11f1-8b0c-00155dcb4c0c,,b72bd005-bccb-11f1-8b0c-00155dcb4c0c,2026-09-30 13:53:44,aeca8226-ebb9-4bfa-a8db-5db4f72fc227,localhost-client,1,2026-09-30 13:53:44.000000,
9df06a77-b319-448f-8fe4-709749ac579e,,Micro-Generation Support Scheme (MSS),policy_url,https://assets.gov.ie/244404/1477c2aa-9fbc-4c30-b4f7-454136806d33.pdf,main,,,bebbc4f5-cf95-4e34-89fb-1871eed7decc,global,b72bb945-bccb-11f1-8b0c-00155dcb4c0c,,b72bd005-bccb-11f1-8b0c-00155dcb4c0c,2026-09-30 13:54:20,9df06a77-b319-448f-8fe4-709749ac579e,localhost-client,1,2026-09-30 13:54:20.000000,
dd83a658-9187-444d-88a8-c35b3a011706,,Domestic Solar PV / Solar Electricity Grant,policy_url,https://seai.ie/sites/default/files/publications/Solar-PV-Grant-Application-Guide.pdf,main,,,9349c498-ae2b-4b5e-bdef-0894fb2ddaae,global,b72bb945-bccb-11f1-8b0c-00155dcb4c0c,,b72bd005-bccb-11f1-8b0c-00155dcb4c0c,2026-09-30 13:54:27,dd83a658-9187-444d-88a8-c35b3a011706,localhost-client,1,2026-09-30 13:54:27.000000,
34fa8fa9-f5b2-445f-9809-fdba6df4a3cd,,Small-Scale Renewable Electricity Support Scheme (SRESS),policy_url,https://assets.gov.ie/static/documents/sress-1-application-information-pack-be271d71-84ae-4f20-9651-e83a5f245871.pdf,main,,,6cf101e2-72cc-4410-b4e6-c380ccb2a009,global,b72bb945-bccb-11f1-8b0c-00155dcb4c0c,,b72bd005-bccb-11f1-8b0c-00155dcb4c0c,2026-09-30 13:54:52,34fa8fa9-f5b2-445f-9809-fdba6df4a3cd,localhost-client,1,2026-09-30 13:54:52.000000,
9a795378-03c7-4a23-9f18-fa795efa20c6,,Better Energy Homes Scheme,policy_url,https://www.seai.ie/publications/Homeowner-Application-Guide.pdf,main,,,9b1bf33a-0923-42b6-9475-022244f028d1,global,b72bb945-bccb-11f1-8b0c-00155dcb4c0c,,b72bd005-bccb-11f1-8b0c-00155dcb4c0c,2026-09-30 13:55:03,9a795378-03c7-4a23-9f18-fa795efa20c6,localhost-client,1,2026-09-30 13:55:03.000000,
7b0a8b93-28e5-439a-b590-37a060e98b56,,National Home Energy Upgrade Scheme,policy_url,https://seai.ie/sites/default/files/2024-10/National-Home-Energy-Upgrade-Scheme-Terms-and-Conditions.pdf,main,,,d3305cf2-7fdb-4dd1-ab62-bd268f3c0db2,global,b72bb945-bccb-11f1-8b0c-00155dcb4c0c,,b72bd005-bccb-11f1-8b0c-00155dcb4c0c,2026-09-30 13:55:15,7b0a8b93-28e5-439a-b590-37a060e98b56,localhost-client,1,2026-09-30 13:55:15.000000,
5e7cc10d-5473-42f3-9b4d-c97634d8d7ac,,"Energy Industry Act, Energiewirtschaftsgesetz (EnWG) – Amendment 2025",policy_url,https://www.gesetze-im-internet.de/enwg_2005/EnWG.pdf,main,,,b4933293-e97b-4e4e-ad94-e3a0c6c20995,global,b72bb671-bccb-11f1-8b0c-00155dcb4c0c,,b72bd005-bccb-11f1-8b0c-00155dcb4c0c,2026-09-30 15:13:20,5e7cc10d-5473-42f3-9b4d-c97634d8d7ac,localhost-client,1,2026-09-30 15:13:20.000000,
0d3ee615-abcc-476f-af75-1c15190f8126,,Electricity Tax Act,policy_url,https://www.gesetze-im-internet.de/stromstg/StromStG.pdf,main,,,ccf70af5-4673-4b72-8ac1-2876e4c5edb2,global,b72bb671-bccb-11f1-8b0c-00155dcb4c0c,,b72bd005-bccb-11f1-8b0c-00155dcb4c0c,2026-09-30 15:13:39,0d3ee615-abcc-476f-af75-1c15190f8126,localhost-client,1,2026-09-30 15:13:39.000000,
52198bb4-c93c-4dd7-ae2a-0dcbbd30910a,,"Citizen participation laws (Bürgerbeteiligungsgesetze) Standardisation of and liability in participation laws, from federal/state level to national level",policy_url,https://www.bra.nrw.de/system/files/media/document/file/22-05-2026-buergeng-buergerenergiegesetz-nrw.pdf,main,,,38ad5300-192f-4432-87c7-337adeacb849,global,b72bb671-bccb-11f1-8b0c-00155dcb4c0c,,b72bd005-bccb-11f1-8b0c-00155dcb4c0c,2026-09-30 15:22:36,52198bb4-c93c-4dd7-ae2a-0dcbbd30910a,localhost-client,1,2026-09-30 15:22:36.000000,
11959247-7308-422b-8bf0-92bb0767475e,,Federal funding for energy-efficient buildings (BEG),policy_url,https://www.bundesanzeiger.de/pub/publication/TevdpcR9NeEp7m7RhbJ/content/TevdpcR9NeEp7m7RhbJ/BAnz%20AT%2029.12.2023%20B1.pdf,main,,,9fd5c9e5-6aba-47a6-a176-49bf27c4fdd9,global,b72bb671-bccb-11f1-8b0c-00155dcb4c0c,,b72bd0de-bccb-11f1-8b0c-00155dcb4c0c,2026-09-30 15:23:38,11959247-7308-422b-8bf0-92bb0767475e,localhost-client,1,2026-09-30 15:23:38.000000,
e8d5be87-0065-4edb-937c-640ecca8e7a0,,"German Civil Code – Modernisation levy (Modernisierungsumlage BGB, §559)",policy_url,https://www.gesetze-im-internet.de/bgb/BGB.pdf,main,,,fe37e4fa-4c09-42e2-bcdc-3b29c16668c8,global,b72bb671-bccb-11f1-8b0c-00155dcb4c0c,,b72bd0de-bccb-11f1-8b0c-00155dcb4c0c,2026-09-30 17:45:53,e8d5be87-0065-4edb-937c-640ecca8e7a0,localhost-client,1,2026-09-30 17:45:53.000000,
96cbe413-283b-4273-8dc6-e61350befcf6,,"Tax relief, e.g., through adjustment of income tax (EstG)",policy_url,https://www.gesetze-im-internet.de/estg/EStG.pdf,main,,,4d4db668-30cc-4dc3-ba28-5b4e38e68e12,global,b72bb671-bccb-11f1-8b0c-00155dcb4c0c,,b72bd0de-bccb-11f1-8b0c-00155dcb4c0c,2026-09-30 17:53:02,96cbe413-283b-4273-8dc6-e61350befcf6,localhost-client,1,2026-09-30 17:53:02.000000,
54059d9a-58ef-453a-ba6b-d3142f9733eb,,"CO2 levy - CO2 Cost Allocation Act (CO2KostAufG) Based on the incentive system of the Fuel Emissions Trading Act (translating ETS 1 into national law)",policy_url,https://www.gesetze-im-internet.de/co2kostaufg/CO2KostAufG.pdf,main,,,d83373f0-3ea0-4b62-905d-fe82eb61908b,global,b72bb671-bccb-11f1-8b0c-00155dcb4c0c,,b72bd0de-bccb-11f1-8b0c-00155dcb4c0c,2026-09-30 19:15:59,54059d9a-58ef-453a-ba6b-d3142f9733eb,localhost-client,1,2026-09-30 19:15:59.000000,
05e7f35f-6ae6-4913-8f1e-a87c0ccf385d,,"German Civil Code; Costs of heat supply as operating costs, regulatory authority (BGB § 556c)",policy_url,https://www.gesetze-im-internet.de/bgb/BGB.pdf,main,,,5872deb1-7238-45b9-906e-ef72e0c64f2c,global,b72bb671-bccb-11f1-8b0c-00155dcb4c0c,,b72bd0de-bccb-11f1-8b0c-00155dcb4c0c,2026-09-30 19:26:13,05e7f35f-6ae6-4913-8f1e-a87c0ccf385d,localhost-client,1,2026-09-30 19:26:13.000000,
94641ceb-795b-4c5f-b997-62fe96f2ccf8,,Social Housing and Home Refurbishment Programme (inc. specific rural funding) – State funding from municipal social housing and Social Component for Low-Income Households,policy_url,https://magyarkozlony.hu/dokumentumok/51fc6f5fe0cfb6039a45eed80dfe36ac467825fc/letoltes,main,,,d9a43338-7336-45b4-9de7-e661f6f6d348,global,b72bb869-bccb-11f1-8b0c-00155dcb4c0c,,b72bd0de-bccb-11f1-8b0c-00155dcb4c0c,2026-09-30 20:04:02,94641ceb-795b-4c5f-b997-62fe96f2ccf8,localhost-client,1,2026-09-30 20:04:02.000000,
5d697ad2-0b79-416e-804b-274536269e22,,EV Incentive and Subsidy Programme – Adjusted to Support Used EVs (Gov. decree: 243/2019. (X. 22.) and call for proposals: RRF-REP-10.10.1-24,policy_url,https://magyarkozlony.hu/dokumentumok/a319bef6f5f35ee1982ef0ac489d83df40af5e67/letoltes,main,,,e058934a-8d75-4469-abc1-135eb2655935,global,b72bb869-bccb-11f1-8b0c-00155dcb4c0c,,b72bd12d-bccb-11f1-8b0c-00155dcb4c0c,2026-09-30 20:04:43,5d697ad2-0b79-416e-804b-274536269e22,localhost-client,1,2026-09-30 20:04:43.000000,
28347eea-40d3-4774-a1a6-db92169f4fc2,,Digital Devices Programme – Social Prioritisation and Inclusive Allocation (call for proposals: RRF-1.2.1-2021-2021-00001,policy_url,https://kk.gov.hu/download/9/b7/93000/FINAL_RRF%20kiadv_fin_2026_06_26_.pdf,main,,,03d2ad41-7bce-49d4-a8bc-0584b8080143,global,b72bb869-bccb-11f1-8b0c-00155dcb4c0c,,b72bd12d-bccb-11f1-8b0c-00155dcb4c0c,2026-09-30 20:17:06,28347eea-40d3-4774-a1a6-db92169f4fc2,localhost-client,1,2026-09-30 20:17:06.000000,
4a19a4cb-ac15-48c3-8bdb-21dd0d613fbb,,"Digital Citizenship App (DÁP) https://net.jogtar.hu/jogszabaly?docid=a2300103.tv – Strengthened Data Security and Privacy Framework - You asked us to review existing policies that are relevant from the twin transition perspectives. This and the previous o",policy_url,https://vizmuvek.hu/files/public/new/torvenyek-jogszabalyok/2023-_evi_ciii-_torv-ny-kozlonyallapot-20231222.pdf,main,,,c1810360-84e5-44ac-b292-ce9897c355ca,global,b72bb869-bccb-11f1-8b0c-00155dcb4c0c,,b72bd12d-bccb-11f1-8b0c-00155dcb4c0c,2026-09-30 20:18:20,4a19a4cb-ac15-48c3-8bdb-21dd0d613fbb,localhost-client,1,2026-09-30 20:18:20.000000,
151e2d3e-f509-46bb-888a-4a4efe5c6793,,Technical-Administrative Support Programme for the Management of Renewable Energy Communities (RECs/CER),policy_url,https://www.mase.gov.it/portale/documents/d/guest/decreto-cer-pdf,main,,,3a757c57-b3a2-4eca-8f0a-f3232c657678,global,b72bb99e-bccb-11f1-8b0c-00155dcb4c0c,,b72bd005-bccb-11f1-8b0c-00155dcb4c0c,2026-09-30 20:23:23,151e2d3e-f509-46bb-888a-4a4efe5c6793,localhost-client,1,2026-09-30 20:23:23.000000,
03dee7db-38d9-45b4-9679-56f870c02489,,Prosumer-Ready Grid — smart meters & LV reinforcement,policy_url,https://www.mase.gov.it/sites/default/files/PNIEC_2024_revfin_01072024.pdf,main,,,26385f71-c5ee-438d-8353-1d8ba6e872ec,global,b72bb99e-bccb-11f1-8b0c-00155dcb4c0c,,b72bd005-bccb-11f1-8b0c-00155dcb4c0c,2026-09-30 22:40:44,03dee7db-38d9-45b4-9679-56f870c02489,localhost-client,1,2026-09-30 22:40:44.000000,
240073eb-a323-4b70-ac2f-4b9baf641f5c,,Grid 2030 — prosumer planning & local flexibility,policy_url,https://www.mase.gov.it/sites/default/files/PNIEC_2024_revfin_01072024.pdf,main,,,72559603-7341-471c-b4ac-82625fe5ca0a,global,b72bb99e-bccb-11f1-8b0c-00155dcb4c0c,,b72bd005-bccb-11f1-8b0c-00155dcb4c0c,2026-09-30 22:49:50,240073eb-a323-4b70-ac2f-4b9baf641f5c,localhost-client,1,2026-09-30 22:49:50.000000,
58844480-61c7-485f-ac92-36634a428696,,"Solar Skills & Grid 2035 — youth, skills, prosumer network",policy_url,https://www.mase.gov.it/sites/default/files/PNIEC_2024_revfin_01072024.pdf,main,,,038133d7-7d10-4202-8b48-11d7b0700502,global,b72bb99e-bccb-11f1-8b0c-00155dcb4c0c,,b72bd005-bccb-11f1-8b0c-00155dcb4c0c,2026-10-01 00:38:30,58844480-61c7-485f-ac92-36634a428696,localhost-client,1,2026-10-01 00:38:30.000000,
86e01154-9008-4501-80a1-db531b487813,,"Economic incentives and concessions for local public transport - National extension beyond ISEE (for example, for the elderly). - Forming consortia of small municipalities. Relevant policies: Transport Bonus – Decree-Law No. 50 of 17 May 2022, converted w",policy_url,https://www.gazzettaufficiale.it/eli/gu/2022/05/17/114/sg/pdf,main,,,4fe43bdd-1c6b-49e0-8fe7-729b4242605a,global,b72bb99e-bccb-11f1-8b0c-00155dcb4c0c,,b72bd12d-bccb-11f1-8b0c-00155dcb4c0c,2026-10-01 00:42:11,86e01154-9008-4501-80a1-db531b487813,localhost-client,1,2026-10-01 00:42:11.000000,
a021fbf9-00df-4ad3-9e46-dc0b45a14245,,"Transparency on traffic rules and ZTL (Limited Traffic Zones) - Highway Code – Legislative Decree No. 285 of 30 April 1992 - Key articles: - Art. 6 – Regulation of traffic in urban areas - Art. 7 – ZTL, pedestrian areas, restrictions and prohibitions - Ar",policy_url,https://www.gazzettaufficiale.it/eli/gu/1992/05/18/114/so/74/sg/pdf,main,,,fd1c0f72-f123-49e2-9a2c-a5dc596a9659,global,b72bb99e-bccb-11f1-8b0c-00155dcb4c0c,,b72bd12d-bccb-11f1-8b0c-00155dcb4c0c,2026-10-01 00:54:33,a021fbf9-00df-4ad3-9e46-dc0b45a14245,localhost-client,1,2026-10-01 00:54:33.000000,
0c714e4a-3add-4b68-8fee-990c22a3e756,,"Restriction of freight traffic, urban logistics, and tourist vehicle traffic - Highway Code – Legislative Decree 285/1992 - Key articles: - Art. 6 – Traffic restrictions outside urban areas - Art. 7 – Regulation of traffic within urban areas - Art. 158 – ",policy_url,https://www.gazzettaufficiale.it/eli/gu/1992/05/18/114/so/74/sg/pdf,main,,,164f2b22-2d7b-47cd-8287-ac729620d3bc,global,b72bb99e-bccb-11f1-8b0c-00155dcb4c0c,,b72bd12d-bccb-11f1-8b0c-00155dcb4c0c,2026-10-01 00:56:14,0c714e4a-3add-4b68-8fee-990c22a3e756,localhost-client,1,2026-10-01 00:56:14.000000,
70a0fd92-47f1-429b-8ddf-963a4407124d,,National Energy Poverty Strategy,policy_url,https://www.miteco.gob.es/content/dam/miteco/es/prensa/estrategianacionalcontralapobrezaenergetica2019-2024_tcm30-496282.pdf,main,,,d5d10f70-dd05-47a2-8e97-33db1940c859,global,b72bba76-bccb-11f1-8b0c-00155dcb4c0c,,b72bd005-bccb-11f1-8b0c-00155dcb4c0c,2026-10-01 01:19:06,70a0fd92-47f1-429b-8ddf-963a4407124d,localhost-client,1,2026-10-01 01:19:06.000000,
c3a8e4dc-67a0-4e85-94ad-f61309aeef93,,Hydrogen Roadmap,policy_url,https://miteco.gob.es/es/ministerio/planes-estrategias/hidrogeno/hojarutahidrogenorenovable_tcm30-525000.PDF,main,,,c68d3e7d-5331-4d55-baef-bb7c6cbd2a3a,global,b72bba76-bccb-11f1-8b0c-00155dcb4c0c,,b72bd005-bccb-11f1-8b0c-00155dcb4c0c,2026-10-01 01:20:03,c3a8e4dc-67a0-4e85-94ad-f61309aeef93,localhost-client,1,2026-10-01 01:20:03.000000,
77bc4eb8-5f1a-406b-8cd8-48380e33bec9,,Plan MOVE,policy_url,https://www.boe.es/boe/dias/2021/04/14/pdfs/BOE-A-2021-5869.pdf,main,,,46d74f30-7252-4eca-aa22-5370e9ac0f7a,global,b72bba76-bccb-11f1-8b0c-00155dcb4c0c,,b72bd12d-bccb-11f1-8b0c-00155dcb4c0c,2026-10-01 01:55:18,77bc4eb8-5f1a-406b-8cd8-48380e33bec9,localhost-client,1,2026-10-01 01:55:18.000000,
f5ca16c4-84fd-4a41-b74c-a7aa0a686783,,Erneuerbare-Energien-Gesetz (EEG) / Renewable Energy Act,policy_url,https://www.gesetze-im-internet.de/eeg_2014/EEG_2023.pdf,main,,,06189286-722b-4eda-88c1-fb593956722f,global,b72bb671-bccb-11f1-8b0c-00155dcb4c0c,,b72bd005-bccb-11f1-8b0c-00155dcb4c0c,2026-10-01 01:58:30,f5ca16c4-84fd-4a41-b74c-a7aa0a686783,localhost-client,1,2026-10-01 01:58:30.000000,
6d98e4b8-ee9d-4b89-940e-c4ea0fea3c30,,Energiewirtschaftsgesetz (EnWG),policy_url,https://www.gesetze-im-internet.de/enwg_2005/EnWG.pdf,main,,,a847af68-099a-425c-b919-56f66729c78d,global,b72bb671-bccb-11f1-8b0c-00155dcb4c0c,,b72bd005-bccb-11f1-8b0c-00155dcb4c0c,2026-10-01 02:57:13,6d98e4b8-ee9d-4b89-940e-c4ea0fea3c30,localhost-client,1,2026-10-01 02:57:13.000000,
ee2d5d10-7ba4-4423-8e09-9974498d6096,,North Rhine-Westphalia Citizens' Energy Act (BürgEnG),policy_url,https://www.bra.nrw.de/system/files/media/document/file/22-05-2026-buergeng-buergerenergiegesetz-nrw.pdf,main,,,27651026-37c8-44d4-8f33-f3d14f99d381,global,b72bb671-bccb-11f1-8b0c-00155dcb4c0c,,b72bd005-bccb-11f1-8b0c-00155dcb4c0c,2026-10-01 02:57:22,ee2d5d10-7ba4-4423-8e09-9974498d6096,localhost-client,1,2026-10-01 02:57:22.000000,
0905d904-7ed7-47a4-b38e-5603aa6005d6,,Mecklenburg-Vorpommern Citizen and Community Participation Act (BüGembeteilG M-V),policy_url,https://www.regierung-mv.de/static/Regierungsportal/Justizministerium/Inhalte/Rechtliches/GVOBI.M-V/GVOBl.%20Nr.%2012%20v.%2028.4.2026.pdf,main,,,d1d27ef0-5d93-4633-a9a3-62f87f17a2b4,global,b72bb671-bccb-11f1-8b0c-00155dcb4c0c,,b72bd005-bccb-11f1-8b0c-00155dcb4c0c,2026-10-01 02:59:18,0905d904-7ed7-47a4-b38e-5603aa6005d6,localhost-client,1,2026-10-01 02:59:18.000000,
eac264d5-051a-4e00-9a1d-01342675e609,,Brandenburg Wind Energy Plant Levy Act (BbgWindAbgG),policy_url,https://bravors.brandenburg.de/fm/76/GVBl_I_30_2019.pdf,main,,,1a23f93a-62f9-4fbf-b560-e73b1dfc70bb,global,b72bb671-bccb-11f1-8b0c-00155dcb4c0c,,b72bd005-bccb-11f1-8b0c-00155dcb4c0c,2026-10-01 03:09:09,eac264d5-051a-4e00-9a1d-01342675e609,localhost-client,1,2026-10-01 03:09:09.000000,
3149cf6e-8183-43ba-aeaa-f8632ced413d,,Renewable Energy Support Scheme (METÁR),policy_url,https://magyarkozlony.hu/dokumentumok/f14ac90ec461dbb2088d082030bd9a123daa8566/letoltes,main,,,34182685-c495-4431-8a6c-b80aba044f81,global,b72bb869-bccb-11f1-8b0c-00155dcb4c0c,,b72bd005-bccb-11f1-8b0c-00155dcb4c0c,2026-10-01 03:10:09,3149cf6e-8183-43ba-aeaa-f8632ced413d,localhost-client,1,2026-10-01 03:10:09.000000,
18cc1c3f-b210-4c0e-a9bd-10072554f41e,,National Tender for pilot energy communities,policy_url,https://nkfih.gov.hu/palyazoknak/egyeb-tamogatas/energiakozossegek-kialakitasat-mukodeset-tamogato-mintaprojekt-megvalositasa-2020-314-zfr-ekm/palyazati-felhivas,main,,,0a603aaf-a3ec-4583-b0a2-2c4857631692,global,b72bb869-bccb-11f1-8b0c-00155dcb4c0c,,b72bd005-bccb-11f1-8b0c-00155dcb4c0c,2026-10-01 03:19:16,18cc1c3f-b210-4c0e-a9bd-10072554f41e,localhost-client,1,2026-10-01 03:19:16.000000,
49b73f97-5bf3-4c57-a88c-d335b66309b8,,Napenergia Plusz Program,policy_url,https://napenergiaplusz.nffku.hu/files/01_Felhivas_lakossagi_PV_2_szamu_modositasa_240806_.pdf,main,,,cf6a9967-e22a-4575-9bca-ade253a31b97,global,b72bb869-bccb-11f1-8b0c-00155dcb4c0c,,b72bd005-bccb-11f1-8b0c-00155dcb4c0c,2026-10-01 03:19:56,49b73f97-5bf3-4c57-a88c-d335b66309b8,localhost-client,1,2026-10-01 03:19:56.000000,
8a1622f4-47ab-4788-bbc5-2d67c8f7ae6b,,CSOK Plus family housing subsidy,policy_url,https://magyarkozlony.hu/dokumentumok/59ba20495cd587e54decf5b41b0e6f9e4bba3926/letoltes,main,,,2dea7434-6ea4-45eb-82cb-8b8758757f1c,global,b72bb869-bccb-11f1-8b0c-00155dcb4c0c,,b72bd005-bccb-11f1-8b0c-00155dcb4c0c,2026-10-01 05:12:52,8a1622f4-47ab-4788-bbc5-2d67c8f7ae6b,localhost-client,1,2026-10-01 05:12:52.000000,
753a2279-5488-402f-836f-fb25a4afaba2,,National Energy and Climate Plan (NECP),policy_url,https://www.mase.gov.it/sites/default/files/PNIEC_2024_revfin_01072024.pdf,main,,,41f11c88-f845-4898-9485-a338dfa7e096,global,b72bb99e-bccb-11f1-8b0c-00155dcb4c0c,,b72bd005-bccb-11f1-8b0c-00155dcb4c0c,2026-10-01 05:22:03,753a2279-5488-402f-836f-fb25a4afaba2,localhost-client,1,2026-10-01 05:22:03.000000,
8d0e2b4c-4350-496f-9231-20dfa25933ae,,Legislative Decree 199/2021,policy_url,https://www.gazzettaufficiale.it/eli/gu/2021/11/30/285/so/42/sg/pdf,main,,,c29ea5b2-2ff2-4579-8175-eebc8dd00f0b,global,b72bb99e-bccb-11f1-8b0c-00155dcb4c0c,,b72bd005-bccb-11f1-8b0c-00155dcb4c0c,2026-10-01 06:10:19,8d0e2b4c-4350-496f-9231-20dfa25933ae,localhost-client,1,2026-10-01 06:10:19.000000,
69034f8c-be70-4252-b020-d5a8facecbba,,Implementing Decree of 23 January 2024,policy_url,https://www.mase.gov.it/portale/documents/d/guest/decreto-cer-pdf,main,,,6255acf6-633f-4e17-bce2-d78f3b5082a4,global,b72bb99e-bccb-11f1-8b0c-00155dcb4c0c,,b72bd005-bccb-11f1-8b0c-00155dcb4c0c,2026-10-01 06:10:52,69034f8c-be70-4252-b020-d5a8facecbba,localhost-client,1,2026-10-01 06:10:52.000000,
7159c624-2e14-4221-8520-1b2fa498f479,,PNRR capital grants for Renewable Energy Communities,policy_url,https://www.mase.gov.it/portale/documents/d/guest/20250715_allegato_1_ro_cacer_rev2dggefim_clean_final-pdf,main,,,4f111e80-b828-462a-ab79-b6dc90d2a31c,global,b72bb99e-bccb-11f1-8b0c-00155dcb4c0c,,b72bd005-bccb-11f1-8b0c-00155dcb4c0c,2026-10-01 06:38:27,7159c624-2e14-4221-8520-1b2fa498f479,localhost-client,1,2026-10-01 06:38:27.000000,
6ae7761a-97fe-44de-ad7e-c01cb24e17ee,,Renewable Energy Communities (REC) framework,policy_url,https://files.dre.pt/1s/2022/01/01000/0000300185.pdf,main,,,ff987a50-5c14-44a3-80d7-fd3b09930f01,global,b72bb9f0-bccb-11f1-8b0c-00155dcb4c0c,,b72bd005-bccb-11f1-8b0c-00155dcb4c0c,2026-10-01 07:09:07,6ae7761a-97fe-44de-ad7e-c01cb24e17ee,localhost-client,1,2026-10-01 07:09:07.000000,
44c68a7e-92f1-4997-8f48-582ebacef02a,,Cooperative Model Support,policy_url,https://files.dre.pt/1s/2022/01/01000/0000300185.pdf,main,,,f1691d93-bb7f-4679-af63-d06fc703cc99,global,b72bb9f0-bccb-11f1-8b0c-00155dcb4c0c,,b72bd005-bccb-11f1-8b0c-00155dcb4c0c,2026-10-01 07:40:14,44c68a7e-92f1-4997-8f48-582ebacef02a,localhost-client,1,2026-10-01 07:40:14.000000,
474f7c02-6a62-4a8a-aefa-899117c94a2c,,Solar Panel Installation Subsidies,policy_url,https://www.cm-borba.pt/wp-content/uploads/2020/10/Programa-de-Apoio-a-Edif%C3%ADcios-mais-Sustent%C3%A1veis-Regulamento.pdf,main,,,108c6907-ec5f-4876-a9ea-493b909f5c5a,global,b72bb9f0-bccb-11f1-8b0c-00155dcb4c0c,,b72bd005-bccb-11f1-8b0c-00155dcb4c0c,2026-10-01 07:40:22,474f7c02-6a62-4a8a-aefa-899117c94a2c,localhost-client,1,2026-10-01 07:40:22.000000,
ad72e60a-958f-464b-aac5-d3c12420b245,,Net Metering / energy credits,policy_url,https://files.dre.pt/1s/2022/01/01000/0000300185.pdf,main,,,619de020-05bc-4417-b94c-0feb9b58e150,global,b72bb9f0-bccb-11f1-8b0c-00155dcb4c0c,,b72bd005-bccb-11f1-8b0c-00155dcb4c0c,2026-10-01 08:21:37,ad72e60a-958f-464b-aac5-d3c12420b245,localhost-client,1,2026-10-01 08:21:37.000000,
164352ab-e72d-435e-9f93-d75df23596da,,Ley 24/2013 on the Electricity Sector,policy_url,https://www.boe.es/buscar/pdf/2013/BOE-A-2013-13645-consolidado.pdf,main,,,1cc831bd-cd0b-4c61-8244-a3ca77471498,global,b72bba76-bccb-11f1-8b0c-00155dcb4c0c,,b72bd005-bccb-11f1-8b0c-00155dcb4c0c,2026-10-01 08:42:51,164352ab-e72d-435e-9f93-d75df23596da,localhost-client,1,2026-10-01 08:42:51.000000,
fcf4263a-4477-4a47-b8bb-4dbd0d64bfcb,,Real Decreto 900/2015,policy_url,https://www.boe.es/boe/dias/2015/10/10/pdfs/BOE-A-2015-10927.pdf,main,,,d3127ca0-b890-458b-98fb-7a5780022e6d,global,b72bba76-bccb-11f1-8b0c-00155dcb4c0c,,b72bd005-bccb-11f1-8b0c-00155dcb4c0c,2026-10-01 08:54:57,fcf4263a-4477-4a47-b8bb-4dbd0d64bfcb,localhost-client,1,2026-10-01 08:54:57.000000,
93d87dc4-b6dc-4176-97d6-a760e018b57e,,Real Decreto-ley 15/2018,policy_url,https://www.boe.es/boe/dias/2018/10/06/pdfs/BOE-A-2018-13593.pdf,main,,,1cfe905c-8010-40fb-8f9b-212875140503,global,b72bba76-bccb-11f1-8b0c-00155dcb4c0c,,b72bd005-bccb-11f1-8b0c-00155dcb4c0c,2026-10-01 08:55:47,93d87dc4-b6dc-4176-97d6-a760e018b57e,localhost-client,1,2026-10-01 08:55:47.000000,
fbb0df30-1b13-4109-adbb-acbbbaf26e3a,,Ley 10/2022,policy_url,https://www.boe.es/boe/dias/2022/06/15/pdfs/BOE-A-2022-9838.pdf,main,,,443b418e-7c3c-4761-b5da-7296e8640cd3,global,b72bba76-bccb-11f1-8b0c-00155dcb4c0c,,b72bd005-bccb-11f1-8b0c-00155dcb4c0c,2026-10-01 09:07:47,fbb0df30-1b13-4109-adbb-acbbbaf26e3a,localhost-client,1,2026-10-01 09:07:47.000000,
6bc8ce0e-d371-4c24-82bf-b9a78690c5b3,,CE Programme – aid for energy communities,policy_url,https://www.boe.es/boe/dias/2024/07/25/pdfs/BOE-A-2024-15412.pdf,main,,,0a5856ff-be5a-415b-88a4-4ce7ffacc77d,global,b72bba76-bccb-11f1-8b0c-00155dcb4c0c,,b72bd005-bccb-11f1-8b0c-00155dcb4c0c,2026-10-01 09:08:55,6bc8ce0e-d371-4c24-82bf-b9a78690c5b3,localhost-client,1,2026-10-01 09:08:55.000000,
280a3a7f-f199-4982-9d74-0780a1c6448a,,"PRAAST – renewable self-consumption, storage and thermal systems aid",policy_url,https://www.boe.es/boe/dias/2021/06/30/pdfs/BOE-A-2021-10824.pdf,main,,,e2f54e5e-048d-4078-b298-1c42e9d3fb14,global,b72bba76-bccb-11f1-8b0c-00155dcb4c0c,,b72bd005-bccb-11f1-8b0c-00155dcb4c0c,2026-10-01 09:50:28,280a3a7f-f199-4982-9d74-0780a1c6448a,localhost-client,1,2026-10-01 09:50:28.000000,
a6774294-8b0f-44ff-ad0f-0e4f8d9af502,,IRPF tax benefits for renewable thermal energy,policy_url,https://www.boe.es/buscar/pdf/2006/BOE-A-2006-20764-consolidado.pdf,main,,,33366f2c-a11b-4c6b-8039-d7319e7c3498,global,b72bba76-bccb-11f1-8b0c-00155dcb4c0c,,b72bd005-bccb-11f1-8b0c-00155dcb4c0c,2026-10-01 09:54:40,a6774294-8b0f-44ff-ad0f-0e4f8d9af502,localhost-client,1,2026-10-01 09:54:40.000000,
1750625a-1edf-4321-af73-14f81d9c57e4,,kb/additional/Case study energy sector/FITTER - energy sector case study hungary.docx,docx,kb/additional/Case study energy sector/FITTER - energy sector case study hungary.docx,main,,,,global,,,,2026-10-01 09:54:44,1750625a-1edf-4321-af73-14f81d9c57e4,localhost-client,1,2026-10-01 09:54:44.000000,
ecaeaaca-d49f-4e6d-b27e-6941b45fe8e2,,kb/additional/Case study energy sector/FITTER - energy sector case study ireland.docx,docx,kb/additional/Case study energy sector/FITTER - energy sector case study ireland.docx,main,,,,global,,,,2026-10-01 09:54:51,ecaeaaca-d49f-4e6d-b27e-6941b45fe8e2,localhost-client,1,2026-10-01 09:54:51.000000,
7899da21-2b14-497f-a930-de6a60d376a0,,kb/additional/Case study energy sector/FITTER - energy sector case study italy.docx,docx,kb/additional/Case study energy sector/FITTER - energy sector case study italy.docx,main,,,,global,,,,2026-10-01 09:54:57,7899da21-2b14-497f-a930-de6a60d376a0,localhost-client,1,2026-10-01 09:54:57.000000,
de85c16d-892f-4298-8078-a29127db76b4,,kb/additional/Case study energy sector/FITTER - energy sector case study portugal.docx,docx,kb/additional/Case study energy sector/FITTER - energy sector case study portugal.docx,main,,,,global,,,,2026-10-01 09:55:14,de85c16d-892f-4298-8078-a29127db76b4,localhost-client,1,2026-10-01 09:55:14.000000,
d52605de-6cc2-4433-a490-d6d44687e9e6,,kb/additional/Case study energy sector/FITTER - energy sector case study spain.docx,docx,kb/additional/Case study energy sector/FITTER - energy sector case study spain.docx,main,,,,global,,,,2026-10-01 09:55:20,d52605de-6cc2-4433-a490-d6d44687e9e6,localhost-client,1,2026-10-01 09:55:20.000000,
7f69eb9c-17da-4703-a653-f4b4ed512259,,kb/additional/Case study energy sector/FITTER- six countries combined analysis .docx,docx,kb/additional/Case study energy sector/FITTER- six countries combined analysis .docx,main,,,,global,,,,2026-10-01 09:55:34,7f69eb9c-17da-4703-a653-f4b4ed512259,localhost-client,1,2026-10-01 09:55:34.000000,
918b86b0-0c84-4446-9fea-1ad01e0fff7e,,kb/additional/Case study energy sector/FITTER_energy sector case study germany.docx,docx,kb/additional/Case study energy sector/FITTER_energy sector case study germany.docx,main,,,,global,,,,2026-10-01 09:55:41,918b86b0-0c84-4446-9fea-1ad01e0fff7e,localhost-client,1,2026-10-01 09:55:41.000000,
5fb20ce1-99db-403b-b165-8e8cbc5559ef,,kb/additional/Policy-making and policy objective context analysis/Germany/T3.1a_Policy-making context in two relevant sectors_GERMANY.docx,docx,kb/additional/Policy-making and policy objective context analysis/Germany/T3.1a_Policy-making context in two relevant sectors_GERMANY.docx,main,,,,global,,,,2026-10-01 09:56:01,5fb20ce1-99db-403b-b165-8e8cbc5559ef,localhost-client,1,2026-10-01 09:56:01.000000,
9e9564dd-ad6a-41a9-b571-c810a7a6494b,,kb/additional/Policy-making and policy objective context analysis/Hungary/T3.1a_Policy-making context in two relevant sectors_HU.docx,docx,kb/additional/Policy-making and policy objective context analysis/Hungary/T3.1a_Policy-making context in two relevant sectors_HU.docx,main,,,,global,,,,2026-10-01 09:56:26,9e9564dd-ad6a-41a9-b571-c810a7a6494b,localhost-client,1,2026-10-01 09:56:26.000000,
b99de742-ae16-4ed3-9e18-cac955587062,,kb/additional/Policy-making and policy objective context analysis/Ireland/T3.1a_Policy-making context in two relevant sectors_TUDublin_energy_agriculture.docx,docx,kb/additional/Policy-making and policy objective context analysis/Ireland/T3.1a_Policy-making context in two relevant sectors_TUDublin_energy_agriculture.docx,main,,,,global,,,,2026-10-01 09:56:53,b99de742-ae16-4ed3-9e18-cac955587062,localhost-client,1,2026-10-01 09:56:53.000000,
a4c79596-6e02-42d1-a97d-2407a658d664,,kb/additional/Policy-making and policy objective context analysis/Italy/T3.1a_Policy-making context in two relevant sectors_sent.docx,docx,kb/additional/Policy-making and policy objective context analysis/Italy/T3.1a_Policy-making context in two relevant sectors_sent.docx,main,,,,global,,,,2026-10-01 09:57:07,a4c79596-6e02-42d1-a97d-2407a658d664,localhost-client,1,2026-10-01 09:57:07.000000,
4ba0c6d4-d9f6-41d6-ad90-5c8c69fd97fd,,kb/additional/Policy-making and policy objective context analysis/Portugal/T3.1a_Policy-making context in two relevant sectors Uni_FINAL.docx,docx,kb/additional/Policy-making and policy objective context analysis/Portugal/T3.1a_Policy-making context in two relevant sectors Uni_FINAL.docx,main,,,,global,,,,2026-10-01 09:57:26,4ba0c6d4-d9f6-41d6-ad90-5c8c69fd97fd,localhost-client,1,2026-10-01 09:57:26.000000,
7869ea8e-0b3b-4476-abfb-8e9a727c2ae3,,kb/additional/Policy-making and policy objective context analysis/Spain/T3.1a_Policy-making context in two relevant sectors..docx .docx,docx,kb/additional/Policy-making and policy objective context analysis/Spain/T3.1a_Policy-making context in two relevant sectors..docx .docx,main,,,,global,,,,2026-10-01 09:57:42,7869ea8e-0b3b-4476-abfb-8e9a727c2ae3,localhost-client,1,2026-10-01 09:57:42.000000,
2d8b2b4a-da20-4609-ab03-9622ee3e1d76,,kb/additional/Structural vulnerabilities reports/Germany - Energy.docx,docx,kb/additional/Structural vulnerabilities reports/Germany - Energy.docx,main,,,,global,,,,2026-10-01 09:57:56,2d8b2b4a-da20-4609-ab03-9622ee3e1d76,localhost-client,1,2026-10-01 09:57:56.000000,
51966c00-9688-4552-aa79-2ce7747e7df1,,kb/additional/Structural vulnerabilities reports/Germany - Housing.docx,docx,kb/additional/Structural vulnerabilities reports/Germany - Housing.docx,main,,,,global,,,,2026-10-01 09:58:09,51966c00-9688-4552-aa79-2ce7747e7df1,localhost-client,1,2026-10-01 09:58:09.000000,
ea424a69-d65b-4be2-b951-026bd9ac6f72,,kb/additional/Structural vulnerabilities reports/Hungary - Energy & Transport.docx,docx,kb/additional/Structural vulnerabilities reports/Hungary - Energy & Transport.docx,main,,,,global,,,,2026-10-01 09:58:36,ea424a69-d65b-4be2-b951-026bd9ac6f72,localhost-client,1,2026-10-01 09:58:36.000000,
c81e76c2-7565-4a49-a3ff-ab025d4dead8,,kb/additional/Structural vulnerabilities reports/Ireland.docx,docx,kb/additional/Structural vulnerabilities reports/Ireland.docx,main,,,,global,,,,2026-10-01 09:58:47,c81e76c2-7565-4a49-a3ff-ab025d4dead8,localhost-client,1,2026-10-01 09:58:47.000000,
fafb32f1-d385-4781-98dd-18f76c1b7b91,,kb/additional/Structural vulnerabilities reports/Italy.docx,docx,kb/additional/Structural vulnerabilities reports/Italy.docx,main,,,,global,,,,2026-10-01 09:59:12,fafb32f1-d385-4781-98dd-18f76c1b7b91,localhost-client,1,2026-10-01 09:59:12.000000,
fd024e1a-59c6-46c0-939a-2cef7921a5a9,,kb/additional/Structural vulnerabilities reports/Portugal - Energy.docx,docx,kb/additional/Structural vulnerabilities reports/Portugal - Energy.docx,main,,,,global,,,,2026-10-01 09:59:23,fd024e1a-59c6-46c0-939a-2cef7921a5a9,localhost-client,1,2026-10-01 09:59:23.000000,
c91a9aab-878e-45ee-941a-47c799368149,,kb/additional/Structural vulnerabilities reports/Portugal - Housing.docx,docx,kb/additional/Structural vulnerabilities reports/Portugal - Housing.docx,main,,,,global,,,,2026-10-01 09:59:36,c91a9aab-878e-45ee-941a-47c799368149,localhost-client,1,2026-10-01 09:59:36.000000,
d4ae0704-1870-42b6-a8cb-10dfa34d40de,,kb/additional/Structural vulnerabilities reports/Spain - Energy.docx,docx,kb/additional/Structural vulnerabilities reports/Spain - Energy.docx,main,,,,global,,,,2026-10-01 09:59:43,d4ae0704-1870-42b6-a8cb-10dfa34d40de,localhost-client,1,2026-10-01 09:59:43.000000,
7adb8c24-6558-4661-a820-ab9260d7be73,,kb/additional/Structural vulnerabilities reports/Spain - Transport.docx,docx,kb/additional/Structural vulnerabilities reports/Spain - Transport.docx,main,,,,global,,,,2026-10-01 09:59:51,7adb8c24-6558-4661-a820-ab9260d7be73,localhost-client,1,2026-10-01 09:59:51.000000,
75d15174-4526-4c4f-ae4f-3791c6210f1f,,kb/FITTER D2.1_FINAL.pdf,pdf,kb/FITTER D2.1_FINAL.pdf,main,,,,global,,,,2026-10-01 10:02:00,75d15174-4526-4c4f-ae4f-3791c6210f1f,localhost-client,1,2026-10-01 10:02:00.000000,
3c98bad0-7a3d-417f-9675-b7b1d035d35c,,kb/FITTER D3.1_FINAL (rev).pdf,pdf,kb/FITTER D3.1_FINAL (rev).pdf,main,,,,global,,,,2026-10-01 10:04:24,3c98bad0-7a3d-417f-9675-b7b1d035d35c,localhost-client,1,2026-10-01 10:04:24.000000,
3e185709-5d6c-46ea-a4cf-28666cf001e5,,kb/FITTER D4.2 FINAL.pdf,pdf,kb/FITTER D4.2 FINAL.pdf,main,,,,global,,,,2026-10-01 10:06:32,3e185709-5d6c-46ea-a4cf-28666cf001e5,localhost-client,1,2026-10-01 10:06:32.000000,
83004685-7e7c-4aa1-92ce-5a3ab9c5355d,,kb/FITTER_D2.2_FINAL.pdf,pdf,kb/FITTER_D2.2_FINAL.pdf,main,,,,global,,,,2026-10-01 10:08:11,83004685-7e7c-4aa1-92ce-5a3ab9c5355d,localhost-client,1,2026-10-01 10:08:11.000000,
e8c38b0f-5af5-4a50-ad5b-2458c725aafd,,kb/FITTER_D2.3_FINAL.pdf,pdf,kb/FITTER_D2.3_FINAL.pdf,main,,,,global,,,,2026-10-01 10:09:57,e8c38b0f-5af5-4a50-ad5b-2458c725aafd,localhost-client,1,2026-10-01 10:09:57.000000,
6f07e82a-fb56-4bc2-aecc-8ac84f505b03,,kb/FITTER_D2.4_ FINAL (rev).pdf,pdf,kb/FITTER_D2.4_ FINAL (rev).pdf,main,,,,global,,,,2026-10-01 10:13:26,6f07e82a-fb56-4bc2-aecc-8ac84f505b03,localhost-client,1,2026-10-01 10:13:26.000000,
f5be09ac-e0ba-4107-a763-38f646c2526e,,kb/FITTER_D2.5 final.pdf,pdf,kb/FITTER_D2.5 final.pdf,main,,,,global,,,,2026-10-01 10:15:00,f5be09ac-e0ba-4107-a763-38f646c2526e,localhost-client,1,2026-10-01 10:15:00.000000,
7301f819-862c-4986-a838-5cb7e923539b,,kb/FITTER_D2.6_FINAL.pdf,pdf,kb/FITTER_D2.6_FINAL.pdf,main,,,,global,,,,2026-10-01 10:16:26,7301f819-862c-4986-a838-5cb7e923539b,localhost-client,1,2026-10-01 10:16:26.000000,
6e276be5-eb99-4556-8b0e-e454b6be938f,,kb/FITTER_D3.2_FINAL.pdf,pdf,kb/FITTER_D3.2_FINAL.pdf,main,,,,global,,,,2026-10-01 10:17:33,6e276be5-eb99-4556-8b0e-e454b6be938f,localhost-client,1,2026-10-01 10:17:33.000000,
0481500b-bc52-4187-91e3-58fee6f80d7e,,kb/FITTER_D3.3_FINAL.pdf,pdf,kb/FITTER_D3.3_FINAL.pdf,main,,,,global,,,,2026-10-01 10:17:36,0481500b-bc52-4187-91e3-58fee6f80d7e,localhost-client,1,2026-10-01 10:17:36.000000,
389a6f31-06ee-48dc-bc54-befe2e105752,,Regional CER laws and public-financing programmes,policy_url,https://www.regione.piemonte.it/governo/bollettino/abbonati/2018/32/attach/aa_aa_regione%20piemonte%20-%20legge%20regionale_2018-08-06_64524.pdf,main,,,d984cb4c-08f3-45bd-aad6-2b444f920705,global,b72bb99e-bccb-11f1-8b0c-00155dcb4c0c,,b72bd005-bccb-11f1-8b0c-00155dcb4c0c,2026-10-01 13:43:56,389a6f31-06ee-48dc-bc54-befe2e105752,localhost-client,1,2026-10-01 13:43:56.000000,
95048035-cad1-4b7f-8d97-14526ba70b6c,,Integrated National Energy and Climate Plan (PNIEC) 2023–2030,policy_url,https://www.miteco.gob.es/content/dam/miteco/es/energia/files-1/pniec-2023-2030/PNIEC_2024_240924.pdf,main,,,e99e33d4-8034-44b8-8778-3f81ce1b9499,global,b72bba76-bccb-11f1-8b0c-00155dcb4c0c,,b72bd005-bccb-11f1-8b0c-00155dcb4c0c,2026-10-01 15:34:21,95048035-cad1-4b7f-8d97-14526ba70b6c,localhost-client,1,2026-10-01 15:34:21.000000,
