Sector,Hazard,affected predictor / indicator categories,Policy case study across Europe only,Country / city,Twin-transition mitigation measure,Policy implementation summary,Evidence of success / why credible,Reference links
Housing,HEATING AND COOLING COSTS INCREASE,Heat fuel wood,Ireland — Warmer Homes Scheme and Warmth & Wellbeing pilot,Ireland,"Twin-transition building retrofit: fully funded insulation, heating-system and energy-efficiency upgrades for eligible homes, using public grant delivery and SEAI administration.","For the profile ""Heat fuel wood"", the measure reduces dependence on expensive heating/cooling by improving thermal performance and enabling cleaner heating where suitable.",Government-backed and evaluated; the Warmth & Wellbeing pilot reported physical and mental-health benefits after home energy upgrades.,https://www.seai.ie/grants/home-energy-grants/fully-funded-upgrades-for-eligible-homes; https://www.gov.ie/en/department-of-climate-energy-and-the-environment/press-releases/warmth-and-wellbeing-pilot-scheme-shows-clear-physical-and-mental-health-benefits-of-home-energy-upgrades/; https://www.iea.org/policies/2653-warmth-and-wellbeing-pilot-scheme
Housing,HEATING AND COOLING COSTS INCREASE,Higher Home problems count,Ireland — Warmer Homes Scheme and Warmth & Wellbeing pilot,Ireland,"Twin-transition building retrofit: fully funded insulation, heating-system and energy-efficiency upgrades for eligible homes, using public grant delivery and SEAI administration.","For the profile ""Higher Home problems count"", the measure reduces dependence on expensive heating/cooling by improving thermal performance and enabling cleaner heating where suitable.",Government-backed and evaluated; the Warmth & Wellbeing pilot reported physical and mental-health benefits after home energy upgrades.,https://www.seai.ie/grants/home-energy-grants/fully-funded-upgrades-for-eligible-homes; https://www.gov.ie/en/department-of-climate-energy-and-the-environment/press-releases/warmth-and-wellbeing-pilot-scheme-shows-clear-physical-and-mental-health-benefits-of-home-energy-upgrades/; https://www.iea.org/policies/2653-warmth-and-wellbeing-pilot-scheme
Housing,COLD/DAMP LEADS TO HEALTH PROBLEMS,Housing cost band: 1_Low,Ireland — Warmth & Wellbeing pilot / Warmer Homes Scheme,Ireland,"Twin-transition health-and-energy retrofit: public health referral plus home energy upgrades, including insulation and heating improvements, focused on homes affected by cold, damp or poor energy performance.","For the profile ""Housing cost band: 1_Low"", the measure targets housing conditions linked with cold, damp and mould through energy-efficiency upgrades rather than only short-term bill support.",Credible because it is a government/SEAI/HSE-backed scheme with reported health benefits and documented retrofit delivery.,https://www.seai.ie/grants/home-energy-grants/fully-funded-upgrades-for-eligible-homes; https://www.gov.ie/en/department-of-climate-energy-and-the-environment/press-releases/warmth-and-wellbeing-pilot-scheme-shows-clear-physical-and-mental-health-benefits-of-home-energy-upgrades/; https://www.iea.org/policies/2653-warmth-and-wellbeing-pilot-scheme
Housing,COLD/DAMP LEADS TO HEALTH PROBLEMS,Age group: 45+,Ireland — Warmth & Wellbeing pilot / Warmer Homes Scheme,Ireland,"Twin-transition health-and-energy retrofit: public health referral plus home energy upgrades, including insulation and heating improvements, focused on homes affected by cold, damp or poor energy performance.","For the profile ""Age group: 45+"", the measure targets housing conditions linked with cold, damp and mould through energy-efficiency upgrades rather than only short-term bill support.",Credible because it is a government/SEAI/HSE-backed scheme with reported health benefits and documented retrofit delivery.,https://www.seai.ie/grants/home-energy-grants/fully-funded-upgrades-for-eligible-homes; https://www.gov.ie/en/department-of-climate-energy-and-the-environment/press-releases/warmth-and-wellbeing-pilot-scheme-shows-clear-physical-and-mental-health-benefits-of-home-energy-upgrades/; https://www.iea.org/policies/2653-warmth-and-wellbeing-pilot-scheme
Housing,COLD/DAMP LEADS TO HEALTH PROBLEMS,Housing cost band: 3_High,Ireland — Warmth & Wellbeing pilot / Warmer Homes Scheme,Ireland,"Twin-transition health-and-energy retrofit: public health referral plus home energy upgrades, including insulation and heating improvements, focused on homes affected by cold, damp or poor energy performance.","For the profile ""Housing cost band: 3_High"", the measure targets housing conditions linked with cold, damp and mould through energy-efficiency upgrades rather than only short-term bill support.",Credible because it is a government/SEAI/HSE-backed scheme with reported health benefits and documented retrofit delivery.,https://www.seai.ie/grants/home-energy-grants/fully-funded-upgrades-for-eligible-homes; https://www.gov.ie/en/department-of-climate-energy-and-the-environment/press-releases/warmth-and-wellbeing-pilot-scheme-shows-clear-physical-and-mental-health-benefits-of-home-energy-upgrades/; https://www.iea.org/policies/2653-warmth-and-wellbeing-pilot-scheme
Housing,COLD/DAMP LEADS TO HEALTH PROBLEMS,Issue high energy bills,Ireland — Warmth & Wellbeing pilot / Warmer Homes Scheme,Ireland,"Twin-transition health-and-energy retrofit: public health referral plus home energy upgrades, including insulation and heating improvements, focused on homes affected by cold, damp or poor energy performance.","For the profile ""Issue high energy bills"", the measure targets housing conditions linked with cold, damp and mould through energy-efficiency upgrades rather than only short-term bill support.",Credible because it is a government/SEAI/HSE-backed scheme with reported health benefits and documented retrofit delivery.,https://www.seai.ie/grants/home-energy-grants/fully-funded-upgrades-for-eligible-homes; https://www.gov.ie/en/department-of-climate-energy-and-the-environment/press-releases/warmth-and-wellbeing-pilot-scheme-shows-clear-physical-and-mental-health-benefits-of-home-energy-upgrades/; https://www.iea.org/policies/2653-warmth-and-wellbeing-pilot-scheme
Housing,COLD/DAMP LEADS TO HEALTH PROBLEMS,Activity status: Unemployed,Ireland — Warmth & Wellbeing pilot / Warmer Homes Scheme,Ireland,"Twin-transition health-and-energy retrofit: public health referral plus home energy upgrades, including insulation and heating improvements, focused on homes affected by cold, damp or poor energy performance.","For the profile ""Activity status: Unemployed"", the measure targets housing conditions linked with cold, damp and mould through energy-efficiency upgrades rather than only short-term bill support.",Credible because it is a government/SEAI/HSE-backed scheme with reported health benefits and documented retrofit delivery.,https://www.seai.ie/grants/home-energy-grants/fully-funded-upgrades-for-eligible-homes; https://www.gov.ie/en/department-of-climate-energy-and-the-environment/press-releases/warmth-and-wellbeing-pilot-scheme-shows-clear-physical-and-mental-health-benefits-of-home-energy-upgrades/; https://www.iea.org/policies/2653-warmth-and-wellbeing-pilot-scheme
Housing,COLD/DAMP LEADS TO HEALTH PROBLEMS,Countries with higher Cold home pct,Ireland — Warmth & Wellbeing pilot / Warmer Homes Scheme,Ireland,"Twin-transition health-and-energy retrofit: public health referral plus home energy upgrades, including insulation and heating improvements, focused on homes affected by cold, damp or poor energy performance.","For the profile ""Countries with higher Cold home pct"", the measure targets housing conditions linked with cold, damp and mould through energy-efficiency upgrades rather than only short-term bill support.",Credible because it is a government/SEAI/HSE-backed scheme with reported health benefits and documented retrofit delivery.,https://www.seai.ie/grants/home-energy-grants/fully-funded-upgrades-for-eligible-homes; https://www.gov.ie/en/department-of-climate-energy-and-the-environment/press-releases/warmth-and-wellbeing-pilot-scheme-shows-clear-physical-and-mental-health-benefits-of-home-energy-upgrades/; https://www.iea.org/policies/2653-warmth-and-wellbeing-pilot-scheme
Housing,COLD/DAMP LEADS TO HEALTH PROBLEMS,Countries with higher Heating degree days,Ireland — Warmth & Wellbeing pilot / Warmer Homes Scheme,Ireland,"Twin-transition health-and-energy retrofit: public health referral plus home energy upgrades, including insulation and heating improvements, focused on homes affected by cold, damp or poor energy performance.","For the profile ""Countries with higher Heating degree days"", the measure targets housing conditions linked with cold, damp and mould through energy-efficiency upgrades rather than only short-term bill support.",Credible because it is a government/SEAI/HSE-backed scheme with reported health benefits and documented retrofit delivery.,https://www.seai.ie/grants/home-energy-grants/fully-funded-upgrades-for-eligible-homes; https://www.gov.ie/en/department-of-climate-energy-and-the-environment/press-releases/warmth-and-wellbeing-pilot-scheme-shows-clear-physical-and-mental-health-benefits-of-home-energy-upgrades/; https://www.iea.org/policies/2653-warmth-and-wellbeing-pilot-scheme
Housing,HOME INSURANCE MORE EXPENSIVE,Solar install likelihood: Not sure,EU EPBD Renovation Wave and Smart Readiness Indicator-enabled building upgrades,EU / Member States,"Twin-transition building resilience measure: combine energy performance renovation with digital building-readiness tools, smart controls and better building data to reduce inefficient, high-risk housing conditions.","For the profile ""Solar install likelihood: Not sure"", the measure supports upgrading inefficient or older dwellings so they are less exposed to transition-related penalties and climate/energy-risk pressures that can affect household costs.","Backed by the EU Energy Performance of Buildings Directive, Renovation Wave and Smart Readiness Indicator framework for smart, decarbonised buildings.",https://energy.ec.europa.eu/topics/energy-efficiency/energy-performance-buildings/energy-performance-buildings-directive_en; https://energy.ec.europa.eu/topics/energy-efficiency/energy-performance-buildings/smart-readiness-indicator_en
Housing,HOME INSURANCE MORE EXPENSIVE,Dwelling year: Before 1945,EU EPBD Renovation Wave and Smart Readiness Indicator-enabled building upgrades,EU / Member States,"Twin-transition building resilience measure: combine energy performance renovation with digital building-readiness tools, smart controls and better building data to reduce inefficient, high-risk housing conditions.","For the profile ""Dwelling year: Before 1945"", the measure supports upgrading inefficient or older dwellings so they are less exposed to transition-related penalties and climate/energy-risk pressures that can affect household costs.","Backed by the EU Energy Performance of Buildings Directive, Renovation Wave and Smart Readiness Indicator framework for smart, decarbonised buildings.",https://energy.ec.europa.eu/topics/energy-efficiency/energy-performance-buildings/energy-performance-buildings-directive_en; https://energy.ec.europa.eu/topics/energy-efficiency/energy-performance-buildings/smart-readiness-indicator_en
Housing,HOME INSURANCE MORE EXPENSIVE,Ethnic minority: Prefer not to say,EU EPBD Renovation Wave and Smart Readiness Indicator-enabled building upgrades,EU / Member States,"Twin-transition building resilience measure: combine energy performance renovation with digital building-readiness tools, smart controls and better building data to reduce inefficient, high-risk housing conditions.","For the profile ""Ethnic minority: Prefer not to say"", the measure supports upgrading inefficient or older dwellings so they are less exposed to transition-related penalties and climate/energy-risk pressures that can affect household costs.","Backed by the EU Energy Performance of Buildings Directive, Renovation Wave and Smart Readiness Indicator framework for smart, decarbonised buildings.",https://energy.ec.europa.eu/topics/energy-efficiency/energy-performance-buildings/energy-performance-buildings-directive_en; https://energy.ec.europa.eu/topics/energy-efficiency/energy-performance-buildings/smart-readiness-indicator_en
Housing,HOME INSURANCE MORE EXPENSIVE,Dwelling year: 2022 or after,EU EPBD Renovation Wave and Smart Readiness Indicator-enabled building upgrades,EU / Member States,"Twin-transition building resilience measure: combine energy performance renovation with digital building-readiness tools, smart controls and better building data to reduce inefficient, high-risk housing conditions.","For the profile ""Dwelling year: 2022 or after"", the measure supports upgrading inefficient or older dwellings so they are less exposed to transition-related penalties and climate/energy-risk pressures that can affect household costs.","Backed by the EU Energy Performance of Buildings Directive, Renovation Wave and Smart Readiness Indicator framework for smart, decarbonised buildings.",https://energy.ec.europa.eu/topics/energy-efficiency/energy-performance-buildings/energy-performance-buildings-directive_en; https://energy.ec.europa.eu/topics/energy-efficiency/energy-performance-buildings/smart-readiness-indicator_en
Housing,HOME INSURANCE MORE EXPENSIVE,Ber rating: E-G,EU EPBD Renovation Wave and Smart Readiness Indicator-enabled building upgrades,EU / Member States,"Twin-transition building resilience measure: combine energy performance renovation with digital building-readiness tools, smart controls and better building data to reduce inefficient, high-risk housing conditions.","For the profile ""Ber rating: E-G"", the measure supports upgrading inefficient or older dwellings so they are less exposed to transition-related penalties and climate/energy-risk pressures that can affect household costs.","Backed by the EU Energy Performance of Buildings Directive, Renovation Wave and Smart Readiness Indicator framework for smart, decarbonised buildings.",https://energy.ec.europa.eu/topics/energy-efficiency/energy-performance-buildings/energy-performance-buildings-directive_en; https://energy.ec.europa.eu/topics/energy-efficiency/energy-performance-buildings/smart-readiness-indicator_en
Housing,HOME INSURANCE MORE EXPENSIVE,Housing cost band: 1_Low,EU EPBD Renovation Wave and Smart Readiness Indicator-enabled building upgrades,EU / Member States,"Twin-transition building resilience measure: combine energy performance renovation with digital building-readiness tools, smart controls and better building data to reduce inefficient, high-risk housing conditions.","For the profile ""Housing cost band: 1_Low"", the measure supports upgrading inefficient or older dwellings so they are less exposed to transition-related penalties and climate/energy-risk pressures that can affect household costs.","Backed by the EU Energy Performance of Buildings Directive, Renovation Wave and Smart Readiness Indicator framework for smart, decarbonised buildings.",https://energy.ec.europa.eu/topics/energy-efficiency/energy-performance-buildings/energy-performance-buildings-directive_en; https://energy.ec.europa.eu/topics/energy-efficiency/energy-performance-buildings/smart-readiness-indicator_en
Housing,HOME INSURANCE MORE EXPENSIVE,Ber rating: C,EU EPBD Renovation Wave and Smart Readiness Indicator-enabled building upgrades,EU / Member States,"Twin-transition building resilience measure: combine energy performance renovation with digital building-readiness tools, smart controls and better building data to reduce inefficient, high-risk housing conditions.","For the profile ""Ber rating: C"", the measure supports upgrading inefficient or older dwellings so they are less exposed to transition-related penalties and climate/energy-risk pressures that can affect household costs.","Backed by the EU Energy Performance of Buildings Directive, Renovation Wave and Smart Readiness Indicator framework for smart, decarbonised buildings.",https://energy.ec.europa.eu/topics/energy-efficiency/energy-performance-buildings/energy-performance-buildings-directive_en; https://energy.ec.europa.eu/topics/energy-efficiency/energy-performance-buildings/smart-readiness-indicator_en
Housing,HOME MORE DAMP OR MOULD,Political group: Yes,Ireland — Warmth & Wellbeing pilot / Warmer Homes Scheme,Ireland,"Twin-transition health-and-energy retrofit: public health referral plus home energy upgrades, including insulation and heating improvements, focused on homes affected by cold, damp or poor energy performance.","For the profile ""Political group: Yes"", the measure targets housing conditions linked with cold, damp and mould through energy-efficiency upgrades rather than only short-term bill support.",Credible because it is a government/SEAI/HSE-backed scheme with reported health benefits and documented retrofit delivery.,https://www.seai.ie/grants/home-energy-grants/fully-funded-upgrades-for-eligible-homes; https://www.gov.ie/en/department-of-climate-energy-and-the-environment/press-releases/warmth-and-wellbeing-pilot-scheme-shows-clear-physical-and-mental-health-benefits-of-home-energy-upgrades/; https://www.iea.org/policies/2653-warmth-and-wellbeing-pilot-scheme
Housing,HOME MORE DAMP OR MOULD,Home type: Terraced house,Ireland — Warmth & Wellbeing pilot / Warmer Homes Scheme,Ireland,"Twin-transition health-and-energy retrofit: public health referral plus home energy upgrades, including insulation and heating improvements, focused on homes affected by cold, damp or poor energy performance.","For the profile ""Home type: Terraced house"", the measure targets housing conditions linked with cold, damp and mould through energy-efficiency upgrades rather than only short-term bill support.",Credible because it is a government/SEAI/HSE-backed scheme with reported health benefits and documented retrofit delivery.,https://www.seai.ie/grants/home-energy-grants/fully-funded-upgrades-for-eligible-homes; https://www.gov.ie/en/department-of-climate-energy-and-the-environment/press-releases/warmth-and-wellbeing-pilot-scheme-shows-clear-physical-and-mental-health-benefits-of-home-energy-upgrades/; https://www.iea.org/policies/2653-warmth-and-wellbeing-pilot-scheme
Housing,HOME MORE DAMP OR MOULD,Household type: Other shared,Ireland — Warmth & Wellbeing pilot / Warmer Homes Scheme,Ireland,"Twin-transition health-and-energy retrofit: public health referral plus home energy upgrades, including insulation and heating improvements, focused on homes affected by cold, damp or poor energy performance.","For the profile ""Household type: Other shared"", the measure targets housing conditions linked with cold, damp and mould through energy-efficiency upgrades rather than only short-term bill support.",Credible because it is a government/SEAI/HSE-backed scheme with reported health benefits and documented retrofit delivery.,https://www.seai.ie/grants/home-energy-grants/fully-funded-upgrades-for-eligible-homes; https://www.gov.ie/en/department-of-climate-energy-and-the-environment/press-releases/warmth-and-wellbeing-pilot-scheme-shows-clear-physical-and-mental-health-benefits-of-home-energy-upgrades/; https://www.iea.org/policies/2653-warmth-and-wellbeing-pilot-scheme
Housing,HOME MORE DAMP OR MOULD,Education: Further education or training after school (not university),Ireland — Warmth & Wellbeing pilot / Warmer Homes Scheme,Ireland,"Twin-transition health-and-energy retrofit: public health referral plus home energy upgrades, including insulation and heating improvements, focused on homes affected by cold, damp or poor energy performance.","For the profile ""Education: Further education or training after school (not university)"", the measure targets housing conditions linked with cold, damp and mould through energy-efficiency upgrades rather than only short-term bill support.",Credible because it is a government/SEAI/HSE-backed scheme with reported health benefits and documented retrofit delivery.,https://www.seai.ie/grants/home-energy-grants/fully-funded-upgrades-for-eligible-homes; https://www.gov.ie/en/department-of-climate-energy-and-the-environment/press-releases/warmth-and-wellbeing-pilot-scheme-shows-clear-physical-and-mental-health-benefits-of-home-energy-upgrades/; https://www.iea.org/policies/2653-warmth-and-wellbeing-pilot-scheme
Housing,HOME MORE DAMP OR MOULD,Housing cost band: 3_High,Ireland — Warmth & Wellbeing pilot / Warmer Homes Scheme,Ireland,"Twin-transition health-and-energy retrofit: public health referral plus home energy upgrades, including insulation and heating improvements, focused on homes affected by cold, damp or poor energy performance.","For the profile ""Housing cost band: 3_High"", the measure targets housing conditions linked with cold, damp and mould through energy-efficiency upgrades rather than only short-term bill support.",Credible because it is a government/SEAI/HSE-backed scheme with reported health benefits and documented retrofit delivery.,https://www.seai.ie/grants/home-energy-grants/fully-funded-upgrades-for-eligible-homes; https://www.gov.ie/en/department-of-climate-energy-and-the-environment/press-releases/warmth-and-wellbeing-pilot-scheme-shows-clear-physical-and-mental-health-benefits-of-home-energy-upgrades/; https://www.iea.org/policies/2653-warmth-and-wellbeing-pilot-scheme
Housing,HOME MORE DAMP OR MOULD,Housing cost band: 1_Low,Ireland — Warmth & Wellbeing pilot / Warmer Homes Scheme,Ireland,"Twin-transition health-and-energy retrofit: public health referral plus home energy upgrades, including insulation and heating improvements, focused on homes affected by cold, damp or poor energy performance.","For the profile ""Housing cost band: 1_Low"", the measure targets housing conditions linked with cold, damp and mould through energy-efficiency upgrades rather than only short-term bill support.",Credible because it is a government/SEAI/HSE-backed scheme with reported health benefits and documented retrofit delivery.,https://www.seai.ie/grants/home-energy-grants/fully-funded-upgrades-for-eligible-homes; https://www.gov.ie/en/department-of-climate-energy-and-the-environment/press-releases/warmth-and-wellbeing-pilot-scheme-shows-clear-physical-and-mental-health-benefits-of-home-energy-upgrades/; https://www.iea.org/policies/2653-warmth-and-wellbeing-pilot-scheme
Housing,HOUSE VALUE DECREASE (NO SOLAR),Ethnic minority: Prefer not to say,France — MaPrimeRénov’ and EU Social Climate Fund-aligned home renovation support,France / EU,"Twin-transition home-upgrade subsidy: income-based renovation support for insulation, heating-system upgrades and renewable-energy measures such as solar or low-carbon equipment where eligible.","For the profile ""Ethnic minority: Prefer not to say"", the measure helps households avoid being left behind as building value becomes more linked to energy performance and clean-energy readiness.",MaPrimeRénov’ is a national policy with IEA documentation; EU Social Climate Fund explicitly supports vulnerable households affected by building and transport decarbonisation costs.,https://www.service-public.gouv.fr/particuliers/vosdroits/F35083?lang=en; https://www.iea.org/policies/17749-frances-maprimerenov-programme; https://iea.blob.core.windows.net/assets/cc642c97-ba07-4dfc-a81e-c11ebda0b64c/16-France-MaPrimeRenov_CaseStudies_Final.pdf; https://employment-social-affairs.ec.europa.eu/policies-and-activities/funding/social-climate-fund_en; https://commission.europa.eu/strategy-and-policy/eu-budget/performance-and-reporting/programme-performance-statements/social-climate-fund_en
Housing,HOUSE VALUE DECREASE (NO SOLAR),Can cover solar cost: Not sure,France — MaPrimeRénov’ and EU Social Climate Fund-aligned home renovation support,France / EU,"Twin-transition home-upgrade subsidy: income-based renovation support for insulation, heating-system upgrades and renewable-energy measures such as solar or low-carbon equipment where eligible.","For the profile ""Can cover solar cost: Not sure"", the measure helps households avoid being left behind as building value becomes more linked to energy performance and clean-energy readiness.",MaPrimeRénov’ is a national policy with IEA documentation; EU Social Climate Fund explicitly supports vulnerable households affected by building and transport decarbonisation costs.,https://www.service-public.gouv.fr/particuliers/vosdroits/F35083?lang=en; https://www.iea.org/policies/17749-frances-maprimerenov-programme; https://iea.blob.core.windows.net/assets/cc642c97-ba07-4dfc-a81e-c11ebda0b64c/16-France-MaPrimeRenov_CaseStudies_Final.pdf; https://employment-social-affairs.ec.europa.eu/policies-and-activities/funding/social-climate-fund_en; https://commission.europa.eu/strategy-and-policy/eu-budget/performance-and-reporting/programme-performance-statements/social-climate-fund_en
Housing,MORE FREQUENT POWER CUTS,Heat fuel bottle gas,"EU BRIDGE smart-grid, storage and digitalisation demonstrations",EU / Europe,"Twin-transition grid resilience measure: deploy smart grids, storage, demand response and digital monitoring to improve reliability and enable cleaner electricity integration.","For the profile ""Heat fuel bottle gas"", the measure reduces outage vulnerability by strengthening grid flexibility, digital fault visibility and local resilience.","BRIDGE is a European Commission initiative pooling smart-grid, storage and digitalisation demonstration projects; resilience work is supported by European policy research.",https://bridge-smart-grid-storage-systems-digital-projects.ec.europa.eu/home; https://bridge-smart-grid-storage-systems-digital-projects.ec.europa.eu/case-studies; https://cerre.eu/wp-content/uploads/2023/06/01062023_CERRE_REPORT_RESILIENCE.pdf
Housing,MORE FREQUENT POWER CUTS,Housing cost band: 1_Low,"EU BRIDGE smart-grid, storage and digitalisation demonstrations",EU / Europe,"Twin-transition grid resilience measure: deploy smart grids, storage, demand response and digital monitoring to improve reliability and enable cleaner electricity integration.","For the profile ""Housing cost band: 1_Low"", the measure reduces outage vulnerability by strengthening grid flexibility, digital fault visibility and local resilience.","BRIDGE is a European Commission initiative pooling smart-grid, storage and digitalisation demonstration projects; resilience work is supported by European policy research.",https://bridge-smart-grid-storage-systems-digital-projects.ec.europa.eu/home; https://bridge-smart-grid-storage-systems-digital-projects.ec.europa.eu/case-studies; https://cerre.eu/wp-content/uploads/2023/06/01062023_CERRE_REPORT_RESILIENCE.pdf
Housing,MORE FREQUENT POWER CUTS,Age group: 45+,"EU BRIDGE smart-grid, storage and digitalisation demonstrations",EU / Europe,"Twin-transition grid resilience measure: deploy smart grids, storage, demand response and digital monitoring to improve reliability and enable cleaner electricity integration.","For the profile ""Age group: 45+"", the measure reduces outage vulnerability by strengthening grid flexibility, digital fault visibility and local resilience.","BRIDGE is a European Commission initiative pooling smart-grid, storage and digitalisation demonstration projects; resilience work is supported by European policy research.",https://bridge-smart-grid-storage-systems-digital-projects.ec.europa.eu/home; https://bridge-smart-grid-storage-systems-digital-projects.ec.europa.eu/case-studies; https://cerre.eu/wp-content/uploads/2023/06/01062023_CERRE_REPORT_RESILIENCE.pdf
Housing,MORE FREQUENT POWER CUTS,Countries with higher Asthma death rate,"EU BRIDGE smart-grid, storage and digitalisation demonstrations",EU / Europe,"Twin-transition grid resilience measure: deploy smart grids, storage, demand response and digital monitoring to improve reliability and enable cleaner electricity integration.","For the profile ""Countries with higher Asthma death rate"", the measure reduces outage vulnerability by strengthening grid flexibility, digital fault visibility and local resilience.","BRIDGE is a European Commission initiative pooling smart-grid, storage and digitalisation demonstration projects; resilience work is supported by European policy research.",https://bridge-smart-grid-storage-systems-digital-projects.ec.europa.eu/home; https://bridge-smart-grid-storage-systems-digital-projects.ec.europa.eu/case-studies; https://cerre.eu/wp-content/uploads/2023/06/01062023_CERRE_REPORT_RESILIENCE.pdf
Transport,HIGHER FUEL/REPAIR COSTS (ICE),Higher Ev perception,France — EV social leasing and ecological bonus/malus support,France,Twin-transition clean-mobility measure: subsidised EV leasing and incentives help eligible households shift from internal-combustion vehicles to lower-emission vehicles.,"For the profile ""Higher Ev perception"", the measure addresses ICE running-cost and resale-risk exposure by making electric mobility more affordable.",Official French social leasing policy and European Alternative Fuels Observatory documentation show targeted low-cost access to electric cars for modest-income households.,https://www.service-public.gouv.fr/particuliers/actualites/A16990?lang=en; https://alternative-fuels-observatory.ec.europa.eu/general-information/news/france-launches-2025-round-social-leasing-electric-cars
Transport,RESTRICTED FROM TOWN/CITY CENTRES (ZEZ restrictions),Countries with higher Modal split cars,European Urban Vehicle Access Regulations and Zero/Low Emission Zone implementation,Europe / cities including Kraków and Palma,"Twin-transition urban mobility measure: low- and zero-emission zones paired with cleaner public transport, active mobility and information systems to cut traffic emissions.","For the profile ""Countries with higher Modal split cars"", the measure reduces exposure to polluted traffic environments and supports transition away from high-emission vehicle dependence.",European Commission guidance recognises Urban Vehicle Access Regulations as tools to reduce traffic-borne emissions and improve air quality; EU Urban Mobility Observatory documents city implementation lessons.,https://transport.ec.europa.eu/transport-themes/urban-transport/urban-vehicle-access-regulations_en; https://urban-mobility-observatory.transport.ec.europa.eu/resources/case-studies/lessons-krakow-and-palma-implementing-urban-vehicle-access-regulations_en
Transport,RESTRICTED FROM TOWN/CITY CENTRES (ZEZ restrictions),Newest car year band: 2010-2019,European Urban Vehicle Access Regulations and Zero/Low Emission Zone implementation,Europe / cities including Kraków and Palma,"Twin-transition urban mobility measure: low- and zero-emission zones paired with cleaner public transport, active mobility and information systems to cut traffic emissions.","For the profile ""Newest car year band: 2010-2019"", the measure reduces exposure to polluted traffic environments and supports transition away from high-emission vehicle dependence.",European Commission guidance recognises Urban Vehicle Access Regulations as tools to reduce traffic-borne emissions and improve air quality; EU Urban Mobility Observatory documents city implementation lessons.,https://transport.ec.europa.eu/transport-themes/urban-transport/urban-vehicle-access-regulations_en; https://urban-mobility-observatory.transport.ec.europa.eu/resources/case-studies/lessons-krakow-and-palma-implementing-urban-vehicle-access-regulations_en
Transport,RESTRICTED FROM TOWN/CITY CENTRES (ZEZ restrictions),Speaks national language: No,European Urban Vehicle Access Regulations and Zero/Low Emission Zone implementation,Europe / cities including Kraków and Palma,"Twin-transition urban mobility measure: low- and zero-emission zones paired with cleaner public transport, active mobility and information systems to cut traffic emissions.","For the profile ""Speaks national language: No"", the measure reduces exposure to polluted traffic environments and supports transition away from high-emission vehicle dependence.",European Commission guidance recognises Urban Vehicle Access Regulations as tools to reduce traffic-borne emissions and improve air quality; EU Urban Mobility Observatory documents city implementation lessons.,https://transport.ec.europa.eu/transport-themes/urban-transport/urban-vehicle-access-regulations_en; https://urban-mobility-observatory.transport.ec.europa.eu/resources/case-studies/lessons-krakow-and-palma-implementing-urban-vehicle-access-regulations_en
Transport,MORE POLLUTION EXPOSURE,Ev likelihood,European Urban Vehicle Access Regulations and Zero/Low Emission Zone implementation,Europe / cities including Kraków and Palma,"Twin-transition urban mobility measure: low- and zero-emission zones paired with cleaner public transport, active mobility and information systems to cut traffic emissions.","For the profile ""Ev likelihood"", the measure reduces exposure to polluted traffic environments and supports transition away from high-emission vehicle dependence.",European Commission guidance recognises Urban Vehicle Access Regulations as tools to reduce traffic-borne emissions and improve air quality; EU Urban Mobility Observatory documents city implementation lessons.,https://transport.ec.europa.eu/transport-themes/urban-transport/urban-vehicle-access-regulations_en; https://urban-mobility-observatory.transport.ec.europa.eu/resources/case-studies/lessons-krakow-and-palma-implementing-urban-vehicle-access-regulations_en
Transport,MORE POLLUTION EXPOSURE,Countries with higher Modal split cars,European Urban Vehicle Access Regulations and Zero/Low Emission Zone implementation,Europe / cities including Kraków and Palma,"Twin-transition urban mobility measure: low- and zero-emission zones paired with cleaner public transport, active mobility and information systems to cut traffic emissions.","For the profile ""Countries with higher Modal split cars"", the measure reduces exposure to polluted traffic environments and supports transition away from high-emission vehicle dependence.",European Commission guidance recognises Urban Vehicle Access Regulations as tools to reduce traffic-borne emissions and improve air quality; EU Urban Mobility Observatory documents city implementation lessons.,https://transport.ec.europa.eu/transport-themes/urban-transport/urban-vehicle-access-regulations_en; https://urban-mobility-observatory.transport.ec.europa.eu/resources/case-studies/lessons-krakow-and-palma-implementing-urban-vehicle-access-regulations_en
Transport,MORE POLLUTION EXPOSURE,Higher Ev perception,European Urban Vehicle Access Regulations and Zero/Low Emission Zone implementation,Europe / cities including Kraków and Palma,"Twin-transition urban mobility measure: low- and zero-emission zones paired with cleaner public transport, active mobility and information systems to cut traffic emissions.","For the profile ""Higher Ev perception"", the measure reduces exposure to polluted traffic environments and supports transition away from high-emission vehicle dependence.",European Commission guidance recognises Urban Vehicle Access Regulations as tools to reduce traffic-borne emissions and improve air quality; EU Urban Mobility Observatory documents city implementation lessons.,https://transport.ec.europa.eu/transport-themes/urban-transport/urban-vehicle-access-regulations_en; https://urban-mobility-observatory.transport.ec.europa.eu/resources/case-studies/lessons-krakow-and-palma-implementing-urban-vehicle-access-regulations_en
Transport,CAR LOSES RESALE VALUE,Ev likelihood,France — EV social leasing and ecological bonus/malus support,France,Twin-transition clean-mobility measure: subsidised EV leasing and incentives help eligible households shift from internal-combustion vehicles to lower-emission vehicles.,"For the profile ""Ev likelihood"", the measure addresses ICE running-cost and resale-risk exposure by making electric mobility more affordable.",Official French social leasing policy and European Alternative Fuels Observatory documentation show targeted low-cost access to electric cars for modest-income households.,https://www.service-public.gouv.fr/particuliers/actualites/A16990?lang=en; https://alternative-fuels-observatory.ec.europa.eu/general-information/news/france-launches-2025-round-social-leasing-electric-cars
Transport,CAR LOSES RESALE VALUE,Activity status: Unemployed,France — EV social leasing and ecological bonus/malus support,France,Twin-transition clean-mobility measure: subsidised EV leasing and incentives help eligible households shift from internal-combustion vehicles to lower-emission vehicles.,"For the profile ""Activity status: Unemployed"", the measure addresses ICE running-cost and resale-risk exposure by making electric mobility more affordable.",Official French social leasing policy and European Alternative Fuels Observatory documentation show targeted low-cost access to electric cars for modest-income households.,https://www.service-public.gouv.fr/particuliers/actualites/A16990?lang=en; https://alternative-fuels-observatory.ec.europa.eu/general-information/news/france-launches-2025-round-social-leasing-electric-cars
Transport,CAR LOSES RESALE VALUE,Higher Household size,France — EV social leasing and ecological bonus/malus support,France,Twin-transition clean-mobility measure: subsidised EV leasing and incentives help eligible households shift from internal-combustion vehicles to lower-emission vehicles.,"For the profile ""Higher Household size"", the measure addresses ICE running-cost and resale-risk exposure by making electric mobility more affordable.",Official French social leasing policy and European Alternative Fuels Observatory documentation show targeted low-cost access to electric cars for modest-income households.,https://www.service-public.gouv.fr/particuliers/actualites/A16990?lang=en; https://alternative-fuels-observatory.ec.europa.eu/general-information/news/france-launches-2025-round-social-leasing-electric-cars
Transport,LONGER OR MORE COMPLEX JOURNEYS,Travel frequency: Never I mostly work from home,Germany — Deutschlandticket integrated public transport pass,Germany,Twin-transition mobility measure: a simple nationwide digital/monthly public transport ticket reduces fare complexity and supports modal shift from cars to public transport.,"For the profile ""Travel frequency: Never I mostly work from home"", the measure simplifies local and regional travel and reduces the burden of fragmented fares or route choices.",Evaluation evidence reports improved mobility/social participation and substitution of some car trips with public transport.,https://int.bahn.de/en/offers/regional/deutschland-ticket; https://www.cleanenergywire.org/news/germanys-flat-rate-transport-ticket-working-mobility-and-climate-govt-evaluation; https://link.springer.com/article/10.1007/s11116-025-10640-7
Transport,LONGER OR MORE COMPLEX JOURNEYS,Speaks national language: No,Germany — Deutschlandticket integrated public transport pass,Germany,Twin-transition mobility measure: a simple nationwide digital/monthly public transport ticket reduces fare complexity and supports modal shift from cars to public transport.,"For the profile ""Speaks national language: No"", the measure simplifies local and regional travel and reduces the burden of fragmented fares or route choices.",Evaluation evidence reports improved mobility/social participation and substitution of some car trips with public transport.,https://int.bahn.de/en/offers/regional/deutschland-ticket; https://www.cleanenergywire.org/news/germanys-flat-rate-transport-ticket-working-mobility-and-climate-govt-evaluation; https://link.springer.com/article/10.1007/s11116-025-10640-7
Energy,HEATING AND COOLING COSTS INCREASE,"Utility arrears: Yes,  twice or more",EU Social Climate Fund plus national energy-consumer protection measures,EU / Member States,"Twin-transition affordability measure: targeted support for vulnerable households, building upgrades, clean heating, energy advice and consumer protection as carbon pricing and electrification progress.","For the profile ""Utility arrears: Yes,  twice or more"", the measure addresses affordability risk while steering support toward long-term energy efficiency and clean-energy adoption.",EU Social Climate Fund is designed to support vulnerable households and transport users; CEER and Bruegel document European consumer-protection responses during energy-price shocks.,https://employment-social-affairs.ec.europa.eu/policies-and-activities/funding/social-climate-fund_en; https://commission.europa.eu/strategy-and-policy/eu-budget/performance-and-reporting/programme-performance-statements/social-climate-fund_en; https://www.ceer.eu/publication/beyond-the-crisis-consumer-protection-and-market-measures-for-better-functioning-markets/; https://www.ceer.eu/wp-content/uploads/2024/09/Beyond-the-Crisis_Consumer-Protection-and-Market-Measures-for-Better-Functioning-Markets-.pdf; https://www.bruegel.org/dataset/national-policies-shield-consumers-rising-energy-prices
Energy,HEATING AND COOLING COSTS INCREASE,Religious minority: Yes,EU Social Climate Fund plus national energy-consumer protection measures,EU / Member States,"Twin-transition affordability measure: targeted support for vulnerable households, building upgrades, clean heating, energy advice and consumer protection as carbon pricing and electrification progress.","For the profile ""Religious minority: Yes"", the measure addresses affordability risk while steering support toward long-term energy efficiency and clean-energy adoption.",EU Social Climate Fund is designed to support vulnerable households and transport users; CEER and Bruegel document European consumer-protection responses during energy-price shocks.,https://employment-social-affairs.ec.europa.eu/policies-and-activities/funding/social-climate-fund_en; https://commission.europa.eu/strategy-and-policy/eu-budget/performance-and-reporting/programme-performance-statements/social-climate-fund_en; https://www.ceer.eu/publication/beyond-the-crisis-consumer-protection-and-market-measures-for-better-functioning-markets/; https://www.ceer.eu/wp-content/uploads/2024/09/Beyond-the-Crisis_Consumer-Protection-and-Market-Measures-for-Better-Functioning-Markets-.pdf; https://www.bruegel.org/dataset/national-policies-shield-consumers-rising-energy-prices
Energy,HEATING AND COOLING COSTS INCREASE,Higher Home problems count,EU Social Climate Fund plus national energy-consumer protection measures,EU / Member States,"Twin-transition affordability measure: targeted support for vulnerable households, building upgrades, clean heating, energy advice and consumer protection as carbon pricing and electrification progress.","For the profile ""Higher Home problems count"", the measure addresses affordability risk while steering support toward long-term energy efficiency and clean-energy adoption.",EU Social Climate Fund is designed to support vulnerable households and transport users; CEER and Bruegel document European consumer-protection responses during energy-price shocks.,https://employment-social-affairs.ec.europa.eu/policies-and-activities/funding/social-climate-fund_en; https://commission.europa.eu/strategy-and-policy/eu-budget/performance-and-reporting/programme-performance-statements/social-climate-fund_en; https://www.ceer.eu/publication/beyond-the-crisis-consumer-protection-and-market-measures-for-better-functioning-markets/; https://www.ceer.eu/wp-content/uploads/2024/09/Beyond-the-Crisis_Consumer-Protection-and-Market-Measures-for-Better-Functioning-Markets-.pdf; https://www.bruegel.org/dataset/national-policies-shield-consumers-rising-energy-prices
Energy,HEATING AND COOLING COSTS INCREASE,Countries with higher Electricity consumption,EU Social Climate Fund plus national energy-consumer protection measures,EU / Member States,"Twin-transition affordability measure: targeted support for vulnerable households, building upgrades, clean heating, energy advice and consumer protection as carbon pricing and electrification progress.","For the profile ""Countries with higher Electricity consumption"", the measure addresses affordability risk while steering support toward long-term energy efficiency and clean-energy adoption.",EU Social Climate Fund is designed to support vulnerable households and transport users; CEER and Bruegel document European consumer-protection responses during energy-price shocks.,https://employment-social-affairs.ec.europa.eu/policies-and-activities/funding/social-climate-fund_en; https://commission.europa.eu/strategy-and-policy/eu-budget/performance-and-reporting/programme-performance-statements/social-climate-fund_en; https://www.ceer.eu/publication/beyond-the-crisis-consumer-protection-and-market-measures-for-better-functioning-markets/; https://www.ceer.eu/wp-content/uploads/2024/09/Beyond-the-Crisis_Consumer-Protection-and-Market-Measures-for-Better-Functioning-Markets-.pdf; https://www.bruegel.org/dataset/national-policies-shield-consumers-rising-energy-prices
Energy,HIGHER ELECTRICITY BILLS,Political group: Yes,EU Social Climate Fund plus national energy-consumer protection measures,EU / Member States,"Twin-transition affordability measure: targeted support for vulnerable households, building upgrades, clean heating, energy advice and consumer protection as carbon pricing and electrification progress.","For the profile ""Political group: Yes"", the measure addresses affordability risk while steering support toward long-term energy efficiency and clean-energy adoption.",EU Social Climate Fund is designed to support vulnerable households and transport users; CEER and Bruegel document European consumer-protection responses during energy-price shocks.,https://employment-social-affairs.ec.europa.eu/policies-and-activities/funding/social-climate-fund_en; https://commission.europa.eu/strategy-and-policy/eu-budget/performance-and-reporting/programme-performance-statements/social-climate-fund_en; https://www.ceer.eu/publication/beyond-the-crisis-consumer-protection-and-market-measures-for-better-functioning-markets/; https://www.ceer.eu/wp-content/uploads/2024/09/Beyond-the-Crisis_Consumer-Protection-and-Market-Measures-for-Better-Functioning-Markets-.pdf; https://www.bruegel.org/dataset/national-policies-shield-consumers-rising-energy-prices
Energy,HIGHER ELECTRICITY BILLS,Countries with higher Electricity consumption,EU Social Climate Fund plus national energy-consumer protection measures,EU / Member States,"Twin-transition affordability measure: targeted support for vulnerable households, building upgrades, clean heating, energy advice and consumer protection as carbon pricing and electrification progress.","For the profile ""Countries with higher Electricity consumption"", the measure addresses affordability risk while steering support toward long-term energy efficiency and clean-energy adoption.",EU Social Climate Fund is designed to support vulnerable households and transport users; CEER and Bruegel document European consumer-protection responses during energy-price shocks.,https://employment-social-affairs.ec.europa.eu/policies-and-activities/funding/social-climate-fund_en; https://commission.europa.eu/strategy-and-policy/eu-budget/performance-and-reporting/programme-performance-statements/social-climate-fund_en; https://www.ceer.eu/publication/beyond-the-crisis-consumer-protection-and-market-measures-for-better-functioning-markets/; https://www.ceer.eu/wp-content/uploads/2024/09/Beyond-the-Crisis_Consumer-Protection-and-Market-Measures-for-Better-Functioning-Markets-.pdf; https://www.bruegel.org/dataset/national-policies-shield-consumers-rising-energy-prices
Energy,MISSING OUT ON SOLAR SAVINGS,Solar install likelihood,France — MaPrimeRénov’ and EU Social Climate Fund support for clean-energy home upgrades,France / EU,"Twin-transition prosumer-access measure: income-based support for home energy renovation and renewable-energy improvements, reducing upfront barriers to solar or low-carbon upgrades.","For the profile ""Solar install likelihood"", the measure helps households that may otherwise miss savings from solar, efficient heating and digital/energy-ready building upgrades.",IEA and official French sources document MaPrimeRénov’; the EU Social Climate Fund targets vulnerable groups affected by the building and transport transition.,https://www.service-public.gouv.fr/particuliers/vosdroits/F35083?lang=en; https://www.iea.org/policies/17749-frances-maprimerenov-programme; https://iea.blob.core.windows.net/assets/cc642c97-ba07-4dfc-a81e-c11ebda0b64c/16-France-MaPrimeRenov_CaseStudies_Final.pdf; https://employment-social-affairs.ec.europa.eu/policies-and-activities/funding/social-climate-fund_en; https://commission.europa.eu/strategy-and-policy/eu-budget/performance-and-reporting/programme-performance-statements/social-climate-fund_en
Energy,MISSING OUT ON SOLAR SAVINGS,Dwelling year,France — MaPrimeRénov’ and EU Social Climate Fund support for clean-energy home upgrades,France / EU,"Twin-transition prosumer-access measure: income-based support for home energy renovation and renewable-energy improvements, reducing upfront barriers to solar or low-carbon upgrades.","For the profile ""Dwelling year"", the measure helps households that may otherwise miss savings from solar, efficient heating and digital/energy-ready building upgrades.",IEA and official French sources document MaPrimeRénov’; the EU Social Climate Fund targets vulnerable groups affected by the building and transport transition.,https://www.service-public.gouv.fr/particuliers/vosdroits/F35083?lang=en; https://www.iea.org/policies/17749-frances-maprimerenov-programme; https://iea.blob.core.windows.net/assets/cc642c97-ba07-4dfc-a81e-c11ebda0b64c/16-France-MaPrimeRenov_CaseStudies_Final.pdf; https://employment-social-affairs.ec.europa.eu/policies-and-activities/funding/social-climate-fund_en; https://commission.europa.eu/strategy-and-policy/eu-budget/performance-and-reporting/programme-performance-statements/social-climate-fund_en
Energy,MISSING OUT ON SOLAR SAVINGS,Political group: Yes,France — MaPrimeRénov’ and EU Social Climate Fund support for clean-energy home upgrades,France / EU,"Twin-transition prosumer-access measure: income-based support for home energy renovation and renewable-energy improvements, reducing upfront barriers to solar or low-carbon upgrades.","For the profile ""Political group: Yes"", the measure helps households that may otherwise miss savings from solar, efficient heating and digital/energy-ready building upgrades.",IEA and official French sources document MaPrimeRénov’; the EU Social Climate Fund targets vulnerable groups affected by the building and transport transition.,https://www.service-public.gouv.fr/particuliers/vosdroits/F35083?lang=en; https://www.iea.org/policies/17749-frances-maprimerenov-programme; https://iea.blob.core.windows.net/assets/cc642c97-ba07-4dfc-a81e-c11ebda0b64c/16-France-MaPrimeRenov_CaseStudies_Final.pdf; https://employment-social-affairs.ec.europa.eu/policies-and-activities/funding/social-climate-fund_en; https://commission.europa.eu/strategy-and-policy/eu-budget/performance-and-reporting/programme-performance-statements/social-climate-fund_en
Energy,MISSING OUT ON SOLAR SAVINGS,Home type: Semi-detached house,France — MaPrimeRénov’ and EU Social Climate Fund support for clean-energy home upgrades,France / EU,"Twin-transition prosumer-access measure: income-based support for home energy renovation and renewable-energy improvements, reducing upfront barriers to solar or low-carbon upgrades.","For the profile ""Home type: Semi-detached house"", the measure helps households that may otherwise miss savings from solar, efficient heating and digital/energy-ready building upgrades.",IEA and official French sources document MaPrimeRénov’; the EU Social Climate Fund targets vulnerable groups affected by the building and transport transition.,https://www.service-public.gouv.fr/particuliers/vosdroits/F35083?lang=en; https://www.iea.org/policies/17749-frances-maprimerenov-programme; https://iea.blob.core.windows.net/assets/cc642c97-ba07-4dfc-a81e-c11ebda0b64c/16-France-MaPrimeRenov_CaseStudies_Final.pdf; https://employment-social-affairs.ec.europa.eu/policies-and-activities/funding/social-climate-fund_en; https://commission.europa.eu/strategy-and-policy/eu-budget/performance-and-reporting/programme-performance-statements/social-climate-fund_en
Energy,MISSING OUT ON SOLAR SAVINGS,English proficiency: Well,France — MaPrimeRénov’ and EU Social Climate Fund support for clean-energy home upgrades,France / EU,"Twin-transition prosumer-access measure: income-based support for home energy renovation and renewable-energy improvements, reducing upfront barriers to solar or low-carbon upgrades.","For the profile ""English proficiency: Well"", the measure helps households that may otherwise miss savings from solar, efficient heating and digital/energy-ready building upgrades.",IEA and official French sources document MaPrimeRénov’; the EU Social Climate Fund targets vulnerable groups affected by the building and transport transition.,https://www.service-public.gouv.fr/particuliers/vosdroits/F35083?lang=en; https://www.iea.org/policies/17749-frances-maprimerenov-programme; https://iea.blob.core.windows.net/assets/cc642c97-ba07-4dfc-a81e-c11ebda0b64c/16-France-MaPrimeRenov_CaseStudies_Final.pdf; https://employment-social-affairs.ec.europa.eu/policies-and-activities/funding/social-climate-fund_en; https://commission.europa.eu/strategy-and-policy/eu-budget/performance-and-reporting/programme-performance-statements/social-climate-fund_en
Energy,STRUGGLING TO PAY BILLS EACH MONTH,Utility arrears,EU Social Climate Fund plus national energy-consumer protection measures,EU / Member States,"Twin-transition affordability measure: targeted support for vulnerable households, building upgrades, clean heating, energy advice and consumer protection as carbon pricing and electrification progress.","For the profile ""Utility arrears"", the measure addresses affordability risk while steering support toward long-term energy efficiency and clean-energy adoption.",EU Social Climate Fund is designed to support vulnerable households and transport users; CEER and Bruegel document European consumer-protection responses during energy-price shocks.,https://employment-social-affairs.ec.europa.eu/policies-and-activities/funding/social-climate-fund_en; https://commission.europa.eu/strategy-and-policy/eu-budget/performance-and-reporting/programme-performance-statements/social-climate-fund_en; https://www.ceer.eu/publication/beyond-the-crisis-consumer-protection-and-market-measures-for-better-functioning-markets/; https://www.ceer.eu/wp-content/uploads/2024/09/Beyond-the-Crisis_Consumer-Protection-and-Market-Measures-for-Better-Functioning-Markets-.pdf; https://www.bruegel.org/dataset/national-policies-shield-consumers-rising-energy-prices
Energy,STRUGGLING TO PAY BILLS EACH MONTH,Dwelling year: 1961-1980,EU Social Climate Fund plus national energy-consumer protection measures,EU / Member States,"Twin-transition affordability measure: targeted support for vulnerable households, building upgrades, clean heating, energy advice and consumer protection as carbon pricing and electrification progress.","For the profile ""Dwelling year: 1961-1980"", the measure addresses affordability risk while steering support toward long-term energy efficiency and clean-energy adoption.",EU Social Climate Fund is designed to support vulnerable households and transport users; CEER and Bruegel document European consumer-protection responses during energy-price shocks.,https://employment-social-affairs.ec.europa.eu/policies-and-activities/funding/social-climate-fund_en; https://commission.europa.eu/strategy-and-policy/eu-budget/performance-and-reporting/programme-performance-statements/social-climate-fund_en; https://www.ceer.eu/publication/beyond-the-crisis-consumer-protection-and-market-measures-for-better-functioning-markets/; https://www.ceer.eu/wp-content/uploads/2024/09/Beyond-the-Crisis_Consumer-Protection-and-Market-Measures-for-Better-Functioning-Markets-.pdf; https://www.bruegel.org/dataset/national-policies-shield-consumers-rising-energy-prices
Energy,STRUGGLING TO PAY BILLS EACH MONTH,Bill confidence: Not very confident - I often need help/support,EU Social Climate Fund plus national energy-consumer protection measures,EU / Member States,"Twin-transition affordability measure: targeted support for vulnerable households, building upgrades, clean heating, energy advice and consumer protection as carbon pricing and electrification progress.","For the profile ""Bill confidence: Not very confident - I often need help/support"", the measure addresses affordability risk while steering support toward long-term energy efficiency and clean-energy adoption.",EU Social Climate Fund is designed to support vulnerable households and transport users; CEER and Bruegel document European consumer-protection responses during energy-price shocks.,https://employment-social-affairs.ec.europa.eu/policies-and-activities/funding/social-climate-fund_en; https://commission.europa.eu/strategy-and-policy/eu-budget/performance-and-reporting/programme-performance-statements/social-climate-fund_en; https://www.ceer.eu/publication/beyond-the-crisis-consumer-protection-and-market-measures-for-better-functioning-markets/; https://www.ceer.eu/wp-content/uploads/2024/09/Beyond-the-Crisis_Consumer-Protection-and-Market-Measures-for-Better-Functioning-Markets-.pdf; https://www.bruegel.org/dataset/national-policies-shield-consumers-rising-energy-prices
Energy,STRUGGLING TO PAY BILLS EACH MONTH,Household type: Multi-generational / extended,EU Social Climate Fund plus national energy-consumer protection measures,EU / Member States,"Twin-transition affordability measure: targeted support for vulnerable households, building upgrades, clean heating, energy advice and consumer protection as carbon pricing and electrification progress.","For the profile ""Household type: Multi-generational / extended"", the measure addresses affordability risk while steering support toward long-term energy efficiency and clean-energy adoption.",EU Social Climate Fund is designed to support vulnerable households and transport users; CEER and Bruegel document European consumer-protection responses during energy-price shocks.,https://employment-social-affairs.ec.europa.eu/policies-and-activities/funding/social-climate-fund_en; https://commission.europa.eu/strategy-and-policy/eu-budget/performance-and-reporting/programme-performance-statements/social-climate-fund_en; https://www.ceer.eu/publication/beyond-the-crisis-consumer-protection-and-market-measures-for-better-functioning-markets/; https://www.ceer.eu/wp-content/uploads/2024/09/Beyond-the-Crisis_Consumer-Protection-and-Market-Measures-for-Better-Functioning-Markets-.pdf; https://www.bruegel.org/dataset/national-policies-shield-consumers-rising-energy-prices
Energy,STRUGGLING TO PAY BILLS EACH MONTH,Can cover solar cost,EU Social Climate Fund plus national energy-consumer protection measures,EU / Member States,"Twin-transition affordability measure: targeted support for vulnerable households, building upgrades, clean heating, energy advice and consumer protection as carbon pricing and electrification progress.","For the profile ""Can cover solar cost"", the measure addresses affordability risk while steering support toward long-term energy efficiency and clean-energy adoption.",EU Social Climate Fund is designed to support vulnerable households and transport users; CEER and Bruegel document European consumer-protection responses during energy-price shocks.,https://employment-social-affairs.ec.europa.eu/policies-and-activities/funding/social-climate-fund_en; https://commission.europa.eu/strategy-and-policy/eu-budget/performance-and-reporting/programme-performance-statements/social-climate-fund_en; https://www.ceer.eu/publication/beyond-the-crisis-consumer-protection-and-market-measures-for-better-functioning-markets/; https://www.ceer.eu/wp-content/uploads/2024/09/Beyond-the-Crisis_Consumer-Protection-and-Market-Measures-for-Better-Functioning-Markets-.pdf; https://www.bruegel.org/dataset/national-policies-shield-consumers-rising-energy-prices
Energy,STRUGGLING TO PAY BILLS EACH MONTH,Energy improvements: I don't know,EU Social Climate Fund plus national energy-consumer protection measures,EU / Member States,"Twin-transition affordability measure: targeted support for vulnerable households, building upgrades, clean heating, energy advice and consumer protection as carbon pricing and electrification progress.","For the profile ""Energy improvements: I don't know"", the measure addresses affordability risk while steering support toward long-term energy efficiency and clean-energy adoption.",EU Social Climate Fund is designed to support vulnerable households and transport users; CEER and Bruegel document European consumer-protection responses during energy-price shocks.,https://employment-social-affairs.ec.europa.eu/policies-and-activities/funding/social-climate-fund_en; https://commission.europa.eu/strategy-and-policy/eu-budget/performance-and-reporting/programme-performance-statements/social-climate-fund_en; https://www.ceer.eu/publication/beyond-the-crisis-consumer-protection-and-market-measures-for-better-functioning-markets/; https://www.ceer.eu/wp-content/uploads/2024/09/Beyond-the-Crisis_Consumer-Protection-and-Market-Measures-for-Better-Functioning-Markets-.pdf; https://www.bruegel.org/dataset/national-policies-shield-consumers-rising-energy-prices
Energy,STRUGGLING TO PAY BILLS EACH MONTH,Aware gov programmes: No,EU Social Climate Fund plus national energy-consumer protection measures,EU / Member States,"Twin-transition affordability measure: targeted support for vulnerable households, building upgrades, clean heating, energy advice and consumer protection as carbon pricing and electrification progress.","For the profile ""Aware gov programmes: No"", the measure addresses affordability risk while steering support toward long-term energy efficiency and clean-energy adoption.",EU Social Climate Fund is designed to support vulnerable households and transport users; CEER and Bruegel document European consumer-protection responses during energy-price shocks.,https://employment-social-affairs.ec.europa.eu/policies-and-activities/funding/social-climate-fund_en; https://commission.europa.eu/strategy-and-policy/eu-budget/performance-and-reporting/programme-performance-statements/social-climate-fund_en; https://www.ceer.eu/publication/beyond-the-crisis-consumer-protection-and-market-measures-for-better-functioning-markets/; https://www.ceer.eu/wp-content/uploads/2024/09/Beyond-the-Crisis_Consumer-Protection-and-Market-Measures-for-Better-Functioning-Markets-.pdf; https://www.bruegel.org/dataset/national-policies-shield-consumers-rising-energy-prices
Energy,STRUGGLING TO PAY BILLS EACH MONTH,Home type: Detached house,EU Social Climate Fund plus national energy-consumer protection measures,EU / Member States,"Twin-transition affordability measure: targeted support for vulnerable households, building upgrades, clean heating, energy advice and consumer protection as carbon pricing and electrification progress.","For the profile ""Home type: Detached house"", the measure addresses affordability risk while steering support toward long-term energy efficiency and clean-energy adoption.",EU Social Climate Fund is designed to support vulnerable households and transport users; CEER and Bruegel document European consumer-protection responses during energy-price shocks.,https://employment-social-affairs.ec.europa.eu/policies-and-activities/funding/social-climate-fund_en; https://commission.europa.eu/strategy-and-policy/eu-budget/performance-and-reporting/programme-performance-statements/social-climate-fund_en; https://www.ceer.eu/publication/beyond-the-crisis-consumer-protection-and-market-measures-for-better-functioning-markets/; https://www.ceer.eu/wp-content/uploads/2024/09/Beyond-the-Crisis_Consumer-Protection-and-Market-Measures-for-Better-Functioning-Markets-.pdf; https://www.bruegel.org/dataset/national-policies-shield-consumers-rising-energy-prices
Energy,STRUGGLING TO PAY BILLS EACH MONTH,Housing situation: Owns outright - no mortgage,EU Social Climate Fund plus national energy-consumer protection measures,EU / Member States,"Twin-transition affordability measure: targeted support for vulnerable households, building upgrades, clean heating, energy advice and consumer protection as carbon pricing and electrification progress.","For the profile ""Housing situation: Owns outright - no mortgage"", the measure addresses affordability risk while steering support toward long-term energy efficiency and clean-energy adoption.",EU Social Climate Fund is designed to support vulnerable households and transport users; CEER and Bruegel document European consumer-protection responses during energy-price shocks.,https://employment-social-affairs.ec.europa.eu/policies-and-activities/funding/social-climate-fund_en; https://commission.europa.eu/strategy-and-policy/eu-budget/performance-and-reporting/programme-performance-statements/social-climate-fund_en; https://www.ceer.eu/publication/beyond-the-crisis-consumer-protection-and-market-measures-for-better-functioning-markets/; https://www.ceer.eu/wp-content/uploads/2024/09/Beyond-the-Crisis_Consumer-Protection-and-Market-Measures-for-Better-Functioning-Markets-.pdf; https://www.bruegel.org/dataset/national-policies-shield-consumers-rising-energy-prices
Energy,STRUGGLING TO PAY BILLS EACH MONTH,Disability: Yes,EU Social Climate Fund plus national energy-consumer protection measures,EU / Member States,"Twin-transition affordability measure: targeted support for vulnerable households, building upgrades, clean heating, energy advice and consumer protection as carbon pricing and electrification progress.","For the profile ""Disability: Yes"", the measure addresses affordability risk while steering support toward long-term energy efficiency and clean-energy adoption.",EU Social Climate Fund is designed to support vulnerable households and transport users; CEER and Bruegel document European consumer-protection responses during energy-price shocks.,https://employment-social-affairs.ec.europa.eu/policies-and-activities/funding/social-climate-fund_en; https://commission.europa.eu/strategy-and-policy/eu-budget/performance-and-reporting/programme-performance-statements/social-climate-fund_en; https://www.ceer.eu/publication/beyond-the-crisis-consumer-protection-and-market-measures-for-better-functioning-markets/; https://www.ceer.eu/wp-content/uploads/2024/09/Beyond-the-Crisis_Consumer-Protection-and-Market-Measures-for-Better-Functioning-Markets-.pdf; https://www.bruegel.org/dataset/national-policies-shield-consumers-rising-energy-prices
Energy,STRUGGLING TO PAY BILLS EACH MONTH,Higher Income band,EU Social Climate Fund plus national energy-consumer protection measures,EU / Member States,"Twin-transition affordability measure: targeted support for vulnerable households, building upgrades, clean heating, energy advice and consumer protection as carbon pricing and electrification progress.","For the profile ""Higher Income band"", the measure addresses affordability risk while steering support toward long-term energy efficiency and clean-energy adoption.",EU Social Climate Fund is designed to support vulnerable households and transport users; CEER and Bruegel document European consumer-protection responses during energy-price shocks.,https://employment-social-affairs.ec.europa.eu/policies-and-activities/funding/social-climate-fund_en; https://commission.europa.eu/strategy-and-policy/eu-budget/performance-and-reporting/programme-performance-statements/social-climate-fund_en; https://www.ceer.eu/publication/beyond-the-crisis-consumer-protection-and-market-measures-for-better-functioning-markets/; https://www.ceer.eu/wp-content/uploads/2024/09/Beyond-the-Crisis_Consumer-Protection-and-Market-Measures-for-Better-Functioning-Markets-.pdf; https://www.bruegel.org/dataset/national-policies-shield-consumers-rising-energy-prices
Energy,STRUGGLING TO PAY BILLS EACH MONTH,Higher Age,EU Social Climate Fund plus national energy-consumer protection measures,EU / Member States,"Twin-transition affordability measure: targeted support for vulnerable households, building upgrades, clean heating, energy advice and consumer protection as carbon pricing and electrification progress.","For the profile ""Higher Age"", the measure addresses affordability risk while steering support toward long-term energy efficiency and clean-energy adoption.",EU Social Climate Fund is designed to support vulnerable households and transport users; CEER and Bruegel document European consumer-protection responses during energy-price shocks.,https://employment-social-affairs.ec.europa.eu/policies-and-activities/funding/social-climate-fund_en; https://commission.europa.eu/strategy-and-policy/eu-budget/performance-and-reporting/programme-performance-statements/social-climate-fund_en; https://www.ceer.eu/publication/beyond-the-crisis-consumer-protection-and-market-measures-for-better-functioning-markets/; https://www.ceer.eu/wp-content/uploads/2024/09/Beyond-the-Crisis_Consumer-Protection-and-Market-Measures-for-Better-Functioning-Markets-.pdf; https://www.bruegel.org/dataset/national-policies-shield-consumers-rising-energy-prices
Energy,NEW TAXES OR FINES FOR INEFFICIENCY,Utility arrears,"EU EPBD Renovation Wave, Social Climate Fund and national renovation grants",EU / Member States,"Twin-transition compliance-support measure: combine minimum energy-performance direction, renovation grants, advice and digital building-readiness tools so inefficient homes can upgrade before penalties bite.","For the profile ""Utility arrears"", the measure reduces exposure to inefficiency-related taxes, fines or compliance costs by funding transition upgrades.",EU EPBD/Renovation Wave sets the buildings transition framework; the Social Climate Fund supports vulnerable households facing costs from climate-neutrality measures.,https://energy.ec.europa.eu/topics/energy-efficiency/energy-performance-buildings/energy-performance-buildings-directive_en; https://energy.ec.europa.eu/topics/energy-efficiency/energy-performance-buildings/smart-readiness-indicator_en; https://employment-social-affairs.ec.europa.eu/policies-and-activities/funding/social-climate-fund_en; https://commission.europa.eu/strategy-and-policy/eu-budget/performance-and-reporting/programme-performance-statements/social-climate-fund_en
Energy,NEW TAXES OR FINES FOR INEFFICIENCY,Ethnic minority: Yes,"EU EPBD Renovation Wave, Social Climate Fund and national renovation grants",EU / Member States,"Twin-transition compliance-support measure: combine minimum energy-performance direction, renovation grants, advice and digital building-readiness tools so inefficient homes can upgrade before penalties bite.","For the profile ""Ethnic minority: Yes"", the measure reduces exposure to inefficiency-related taxes, fines or compliance costs by funding transition upgrades.",EU EPBD/Renovation Wave sets the buildings transition framework; the Social Climate Fund supports vulnerable households facing costs from climate-neutrality measures.,https://energy.ec.europa.eu/topics/energy-efficiency/energy-performance-buildings/energy-performance-buildings-directive_en; https://energy.ec.europa.eu/topics/energy-efficiency/energy-performance-buildings/smart-readiness-indicator_en; https://employment-social-affairs.ec.europa.eu/policies-and-activities/funding/social-climate-fund_en; https://commission.europa.eu/strategy-and-policy/eu-budget/performance-and-reporting/programme-performance-statements/social-climate-fund_en
Energy,NEW TAXES OR FINES FOR INEFFICIENCY,Political group: Yes,"EU EPBD Renovation Wave, Social Climate Fund and national renovation grants",EU / Member States,"Twin-transition compliance-support measure: combine minimum energy-performance direction, renovation grants, advice and digital building-readiness tools so inefficient homes can upgrade before penalties bite.","For the profile ""Political group: Yes"", the measure reduces exposure to inefficiency-related taxes, fines or compliance costs by funding transition upgrades.",EU EPBD/Renovation Wave sets the buildings transition framework; the Social Climate Fund supports vulnerable households facing costs from climate-neutrality measures.,https://energy.ec.europa.eu/topics/energy-efficiency/energy-performance-buildings/energy-performance-buildings-directive_en; https://energy.ec.europa.eu/topics/energy-efficiency/energy-performance-buildings/smart-readiness-indicator_en; https://employment-social-affairs.ec.europa.eu/policies-and-activities/funding/social-climate-fund_en; https://commission.europa.eu/strategy-and-policy/eu-budget/performance-and-reporting/programme-performance-statements/social-climate-fund_en
Energy,NEW TAXES OR FINES FOR INEFFICIENCY,Gender: Woman or Non-binary,"EU EPBD Renovation Wave, Social Climate Fund and national renovation grants",EU / Member States,"Twin-transition compliance-support measure: combine minimum energy-performance direction, renovation grants, advice and digital building-readiness tools so inefficient homes can upgrade before penalties bite.","For the profile ""Gender: Woman or Non-binary"", the measure reduces exposure to inefficiency-related taxes, fines or compliance costs by funding transition upgrades.",EU EPBD/Renovation Wave sets the buildings transition framework; the Social Climate Fund supports vulnerable households facing costs from climate-neutrality measures.,https://energy.ec.europa.eu/topics/energy-efficiency/energy-performance-buildings/energy-performance-buildings-directive_en; https://energy.ec.europa.eu/topics/energy-efficiency/energy-performance-buildings/smart-readiness-indicator_en; https://employment-social-affairs.ec.europa.eu/policies-and-activities/funding/social-climate-fund_en; https://commission.europa.eu/strategy-and-policy/eu-budget/performance-and-reporting/programme-performance-statements/social-climate-fund_en
Energy,HOUSE VALUE DECREASE (NO SOLAR),Political group: Yes,France — MaPrimeRénov’ and EU Social Climate Fund support for clean-energy home upgrades,France / EU,"Twin-transition prosumer-access measure: income-based support for home energy renovation and renewable-energy improvements, reducing upfront barriers to solar or low-carbon upgrades.","For the profile ""Political group: Yes"", the measure helps households that may otherwise miss savings from solar, efficient heating and digital/energy-ready building upgrades.",IEA and official French sources document MaPrimeRénov’; the EU Social Climate Fund targets vulnerable groups affected by the building and transport transition.,https://www.service-public.gouv.fr/particuliers/vosdroits/F35083?lang=en; https://www.iea.org/policies/17749-frances-maprimerenov-programme; https://iea.blob.core.windows.net/assets/cc642c97-ba07-4dfc-a81e-c11ebda0b64c/16-France-MaPrimeRenov_CaseStudies_Final.pdf; https://employment-social-affairs.ec.europa.eu/policies-and-activities/funding/social-climate-fund_en; https://commission.europa.eu/strategy-and-policy/eu-budget/performance-and-reporting/programme-performance-statements/social-climate-fund_en
Energy,HOUSE VALUE DECREASE (NO SOLAR),Countries with higher Electricity consumption,France — MaPrimeRénov’ and EU Social Climate Fund support for clean-energy home upgrades,France / EU,"Twin-transition prosumer-access measure: income-based support for home energy renovation and renewable-energy improvements, reducing upfront barriers to solar or low-carbon upgrades.","For the profile ""Countries with higher Electricity consumption"", the measure helps households that may otherwise miss savings from solar, efficient heating and digital/energy-ready building upgrades.",IEA and official French sources document MaPrimeRénov’; the EU Social Climate Fund targets vulnerable groups affected by the building and transport transition.,https://www.service-public.gouv.fr/particuliers/vosdroits/F35083?lang=en; https://www.iea.org/policies/17749-frances-maprimerenov-programme; https://iea.blob.core.windows.net/assets/cc642c97-ba07-4dfc-a81e-c11ebda0b64c/16-France-MaPrimeRenov_CaseStudies_Final.pdf; https://employment-social-affairs.ec.europa.eu/policies-and-activities/funding/social-climate-fund_en; https://commission.europa.eu/strategy-and-policy/eu-budget/performance-and-reporting/programme-performance-statements/social-climate-fund_en
Energy,MORE FREQUENT POWER CUTS,Bill confidence,"EU BRIDGE smart-grid, storage and digitalisation demonstrations",EU / Europe,"Twin-transition power-system resilience measure: smart grids, energy storage, demand response, cybersecurity and digital monitoring improve resilience while enabling renewable electricity integration.","For the profile ""Bill confidence"", the measure supports faster detection and restoration and reduces vulnerability to electricity disruptions.","European Commission BRIDGE case studies cover smart grids, storage, consumer technologies, digital tools and resilience of electrical power systems.",https://bridge-smart-grid-storage-systems-digital-projects.ec.europa.eu/home; https://bridge-smart-grid-storage-systems-digital-projects.ec.europa.eu/case-studies; https://cerre.eu/wp-content/uploads/2023/06/01062023_CERRE_REPORT_RESILIENCE.pdf
Energy,MORE FREQUENT POWER CUTS,Utility arrears,"EU BRIDGE smart-grid, storage and digitalisation demonstrations",EU / Europe,"Twin-transition power-system resilience measure: smart grids, energy storage, demand response, cybersecurity and digital monitoring improve resilience while enabling renewable electricity integration.","For the profile ""Utility arrears"", the measure supports faster detection and restoration and reduces vulnerability to electricity disruptions.","European Commission BRIDGE case studies cover smart grids, storage, consumer technologies, digital tools and resilience of electrical power systems.",https://bridge-smart-grid-storage-systems-digital-projects.ec.europa.eu/home; https://bridge-smart-grid-storage-systems-digital-projects.ec.europa.eu/case-studies; https://cerre.eu/wp-content/uploads/2023/06/01062023_CERRE_REPORT_RESILIENCE.pdf
Energy,MORE FREQUENT POWER CUTS,Gender: Woman or Non-binary,"EU BRIDGE smart-grid, storage and digitalisation demonstrations",EU / Europe,"Twin-transition power-system resilience measure: smart grids, energy storage, demand response, cybersecurity and digital monitoring improve resilience while enabling renewable electricity integration.","For the profile ""Gender: Woman or Non-binary"", the measure supports faster detection and restoration and reduces vulnerability to electricity disruptions.","European Commission BRIDGE case studies cover smart grids, storage, consumer technologies, digital tools and resilience of electrical power systems.",https://bridge-smart-grid-storage-systems-digital-projects.ec.europa.eu/home; https://bridge-smart-grid-storage-systems-digital-projects.ec.europa.eu/case-studies; https://cerre.eu/wp-content/uploads/2023/06/01062023_CERRE_REPORT_RESILIENCE.pdf
Energy,MORE FREQUENT POWER CUTS,Political group: Yes,"EU BRIDGE smart-grid, storage and digitalisation demonstrations",EU / Europe,"Twin-transition power-system resilience measure: smart grids, energy storage, demand response, cybersecurity and digital monitoring improve resilience while enabling renewable electricity integration.","For the profile ""Political group: Yes"", the measure supports faster detection and restoration and reduces vulnerability to electricity disruptions.","European Commission BRIDGE case studies cover smart grids, storage, consumer technologies, digital tools and resilience of electrical power systems.",https://bridge-smart-grid-storage-systems-digital-projects.ec.europa.eu/home; https://bridge-smart-grid-storage-systems-digital-projects.ec.europa.eu/case-studies; https://cerre.eu/wp-content/uploads/2023/06/01062023_CERRE_REPORT_RESILIENCE.pdf
